user_id,product_id,category,subcategory,brand,price,discount,final_price,rating,review_count,stock,seller_id,seller_rating,purchase_date,shipping_time_days,location,device,payment_method,is_returned,delivery_status
U356787,P39256,Electronics,Mobile,H&M,33090.51,10.46,29629.31,4.9,43,71,S2679,4.3,04-03-2025,6,Bangalore,Tablet,UPI,TRUE,Returned
U198246,P38657,Sports,Outdoor,Samsung,9368.97,5.32,8870.73,3.9,13,119,S9279,4.9,12-12-2025,1,Delhi,Tablet,UPI,TRUE,Returned
U539898,P38893,Sports,Fitness,H&M,14756.85,26,10919.43,4.2,46,229,S5557,4.9,25-04-2024,1,Chennai,Mobile App,Credit Card,TRUE,Returned
U325772,P54118,Beauty,Makeup,Sony,668.83,24.81,502.91,3.8,6,52,S2519,3.1,18-12-2025,2,Mumbai,Web,UPI,FALSE,In Transit
U865179,P70217,Home,Decor,Sony,10881.29,48.63,5589.58,4,48,274,S3045,2.6,16-05-2024,5,Delhi,Web,UPI,FALSE,Delayed
U705397,P35203,Home,Decor,HP,6155.63,17.64,5069.65,3.3,22,360,S2139,5,13-07-2025,5,Bangalore,Mobile App,Credit Card,TRUE,Returned
U498591,P46434,Home,Furniture,Adidas,1104.92,37.81,687.2,3.4,14,232,S6977,3.3,10-02-2026,1,Delhi,Mobile App,Debit Card,FALSE,In Transit
U738720,P93227,Clothing,Kids,Sony,1899.42,63.23,698.36,3.3,18,87,S9751,4.3,27-05-2024,5,Delhi,Tablet,Credit Card,FALSE,Delivered
U330283,P99733,Beauty,Makeup,Sony,3611.18,24.77,2716.69,3.9,17,166,S1916,3.8,03-11-2024,1,Chennai,Mobile App,UPI,FALSE,In Transit
U694731,P51245,Beauty,Makeup,Apple,3826.65,8.46,3502.76,3.4,12,108,S9179,3.2,27-12-2024,1,Mumbai,Web,Cash on Delivery,FALSE,Delivered
U665158,P44438,Home,Furniture,Adidas,5150.37,19.6,4141.13,3.7,8,382,S8019,3.1,02-11-2025,6,Chennai,Tablet,Cash on Delivery,TRUE,Returned
U617488,P21915,Home,Furniture,Nike,17353.88,23.78,13226.52,3.8,15,386,S1771,2.9,29-11-2025,4,Chennai,Mobile App,Credit Card,FALSE,Delayed
U166613,P60432,Clothing,Kids,Boat,3011.46,24.81,2264.24,4.4,54,195,S8668,2.6,17-08-2025,5,Chennai,Tablet,Debit Card,FALSE,Delayed
U887352,P44973,Electronics,Mobile,Zara,50717.33,13.38,43928.98,4.3,6,393,S6573,4.2,01-09-2024,6,Chennai,Mobile App,Debit Card,FALSE,In Transit
U624902,P33416,Clothing,Women,Samsung,1569.37,48.01,815.89,3.4,21,259,S2743,3.8,05-03-2026,1,Bangalore,Tablet,Debit Card,FALSE,Delayed
U492077,P31174,Sports,Cycling,Adidas,10811.67,41.43,6332.66,3.5,15,276,S9689,3.5,29-06-2024,1,Mumbai,Mobile App,Debit Card,FALSE,In Transit
U351083,P17592,Electronics,Mobile,LG,75254.75,35.71,48383.63,5,5,123,S2290,3.8,16-09-2024,2,Bangalore,Mobile App,Cash on Delivery,FALSE,Delivered
U676510,P31643,Sports,Fitness,Nike,13298.23,13.49,11504.06,4.4,6,135,S9645,3.5,09-03-2026,3,Hyderabad,Tablet,Cash on Delivery,FALSE,Delivered
U847581,P50857,Sports,Cycling,H&M,10200.33,31.13,7024.88,4.2,17,204,S7118,2.9,26-02-2025,1,Mumbai,Web,Cash on Delivery,TRUE,Returned
U454508,P12757,Electronics,Laptop,Adidas,46155.03,13.3,40014.69,4.8,8,301,S4770,3.9,15-09-2024,2,Delhi,Tablet,Credit Card,FALSE,Delivered
U132938,P53309,Electronics,Mobile,Adidas,12025.61,18.76,9769.8,4.1,45,36,S9423,4.1,23-05-2024,1,Delhi,Mobile App,Debit Card,FALSE,Delayed
U858490,P84847,Beauty,Skincare,Lenovo,2596.13,39.58,1568.45,2.9,15,295,S8744,2.5,09-11-2025,5,Mumbai,Mobile App,Cash on Delivery,FALSE,In Transit
U471507,P65519,Clothing,Men,Apple,2426.83,27.67,1755.4,4.3,14,210,S8651,3.9,22-07-2025,3,Hyderabad,Tablet,UPI,FALSE,Delayed
U939482,P24322,Electronics,Mobile,Boat,75211.61,39.65,45388.79,4.6,6,127,S4139,4.6,23-01-2025,2,Bangalore,Mobile App,Cash on Delivery,FALSE,Delivered
U361941,P19880,Beauty,Skincare,Sony,1623.25,16.53,1354.94,3.4,24,226,S2604,3,26-05-2025,1,Hyderabad,Mobile App,UPI,FALSE,Delivered
U604740,P38016,Clothing,Men,Boat,2285.53,44.73,1263.17,4.8,10,442,S7570,3.9,15-12-2024,3,Hyderabad,Mobile App,Credit Card,FALSE,In Transit
U399105,P65444,Electronics,Camera,Sony,26490.59,17.61,21826.48,4.1,6,356,S8973,4.9,29-07-2025,5,Hyderabad,Mobile App,Credit Card,FALSE,In Transit
U163918,P51104,Clothing,Men,HP,4289.1,18.3,3504.14,3.2,2,29,S1821,2.6,21-12-2024,2,Chennai,Tablet,Cash on Delivery,TRUE,Returned
U632496,P20500,Sports,Cycling,Nike,3012.77,12.04,2650.04,4,4,435,S4044,3.2,13-01-2026,1,Delhi,Mobile App,UPI,FALSE,Delayed
U358175,P85880,Clothing,Women,Apple,3820.54,24.86,2870.61,4.5,9,304,S1651,2.7,06-03-2025,1,Chennai,Tablet,UPI,FALSE,In Transit
U373432,P36772,Sports,Cycling,Lenovo,748.84,39.35,454.16,3.5,60,342,S6147,3.5,27-04-2025,6,Bangalore,Mobile App,Debit Card,FALSE,In Transit
U579434,P51441,Clothing,Kids,Zara,3357.92,40.19,2008.43,4,49,475,S2188,4.9,10-11-2025,4,Bangalore,Mobile App,Cash on Delivery,FALSE,Delayed
U323508,P76307,Sports,Fitness,Apple,10318.94,30.8,7140.55,4,15,135,S3170,3.5,24-05-2024,3,Chennai,Web,UPI,FALSE,Delivered
U974244,P81200,Home,Kitchen,Nike,4720.03,5.82,4445.33,4,10,360,S5956,3.5,11-06-2024,1,Hyderabad,Tablet,UPI,FALSE,Delayed
U240814,P44664,Sports,Outdoor,Zara,10546.91,20.68,8366.32,4.1,18,59,S2753,4.4,20-01-2026,3,Delhi,Tablet,Credit Card,FALSE,In Transit
U313487,P93130,Home,Decor,Adidas,8839.74,20.34,7042.08,4.7,12,436,S5325,3.4,15-09-2024,1,Bangalore,Tablet,Cash on Delivery,FALSE,In Transit
U969634,P46265,Electronics,Mobile,Zara,45074.56,6.87,41977.04,4.4,17,22,S1058,4.1,25-08-2024,4,Hyderabad,Web,Credit Card,FALSE,Delayed
U678478,P66057,Home,Furniture,H&M,7244.63,40.62,4301.78,3.5,19,287,S1158,4.7,23-08-2024,2,Hyderabad,Mobile App,UPI,FALSE,Delayed
U710805,P82420,Clothing,Kids,Samsung,1026.8,16.07,861.82,3.9,12,75,S8041,4.7,11-11-2025,2,Bangalore,Mobile App,UPI,FALSE,In Transit
U815198,P42706,Home,Furniture,LG,5431.33,44.62,3008.08,4,16,341,S2684,3.4,29-04-2025,4,Mumbai,Web,Cash on Delivery,FALSE,Delayed
U532322,P13248,Clothing,Men,Nike,3997.16,16.67,3330.76,3.7,19,91,S6442,4.4,04-10-2024,3,Mumbai,Web,Credit Card,FALSE,In Transit
U140605,P71694,Clothing,Kids,Apple,4202.56,34.01,2773.13,3.4,19,113,S4269,4.9,17-10-2024,1,Hyderabad,Web,Debit Card,FALSE,In Transit
U517821,P53025,Clothing,Men,Samsung,4864.45,69.58,1479.87,3.9,9,142,S2137,2.9,31-12-2024,3,Mumbai,Web,Debit Card,TRUE,Returned
U447235,P13617,Sports,Outdoor,Zara,6070.93,38.17,3753.68,3.8,11,59,S5279,2.9,15-06-2024,4,Chennai,Mobile App,Debit Card,FALSE,Delivered
U557592,P89457,Electronics,Camera,LG,53513.63,14.1,45969.15,4.1,19,261,S2894,4.5,04-03-2025,1,Bangalore,Web,Credit Card,FALSE,In Transit
U945687,P80575,Electronics,Camera,Samsung,56354.84,30.4,39222.87,3.7,125,351,S4228,2.6,05-02-2025,6,Chennai,Web,Cash on Delivery,FALSE,Delivered
U854717,P49363,Home,Decor,LG,16400.51,31.74,11195.66,4.1,18,259,S6067,2.7,10-12-2025,2,Delhi,Tablet,Cash on Delivery,FALSE,In Transit
U233470,P35144,Beauty,Haircare,Sony,561.72,29.05,398.57,4,24,215,S7211,4.4,15-07-2024,5,Chennai,Tablet,Credit Card,FALSE,Delayed
U974224,P10053,Sports,Outdoor,Boat,4483.61,14.33,3841.32,4,32,155,S5700,2.8,11-08-2024,2,Chennai,Mobile App,Cash on Delivery,FALSE,Delayed
U563246,P67954,Sports,Cycling,LG,12856.63,29.84,9020.75,4.4,23,345,S4501,3.7,14-01-2025,1,Hyderabad,Tablet,Cash on Delivery,FALSE,Delayed
U640490,P97012,Clothing,Kids,Apple,4031.01,47.04,2134.99,3.9,25,324,S6491,3.6,17-02-2025,2,Bangalore,Mobile App,Credit Card,FALSE,Delayed
U125611,P16057,Home,Furniture,Adidas,10765.8,32.99,7213.74,3.1,19,125,S8784,3.7,25-06-2024,4,Mumbai,Tablet,UPI,FALSE,In Transit
U853240,P60328,Beauty,Haircare,HP,564.14,10.76,503.43,3.3,32,253,S7547,3.7,22-09-2025,1,Mumbai,Mobile App,Credit Card,FALSE,Delayed
U284430,P77889,Electronics,Mobile,Boat,55066.83,14.75,46944.11,4.3,7,237,S1822,2.8,08-07-2024,1,Mumbai,Tablet,Credit Card,FALSE,Delivered
U686075,P88047,Beauty,Skincare,Puma,2509.5,28.02,1806.22,3.6,6,162,S8251,4.5,04-12-2025,1,Chennai,Tablet,Cash on Delivery,FALSE,Delayed
U571932,P43972,Beauty,Skincare,H&M,1978.27,32.82,1328.97,3.5,2,384,S5050,2.9,27-06-2025,5,Hyderabad,Tablet,Debit Card,TRUE,Returned
U387936,P67654,Sports,Outdoor,Zara,941.85,44.02,527.2,3.2,3,39,S5681,3,13-10-2025,1,Mumbai,Mobile App,Debit Card,FALSE,In Transit
U258157,P40311,Home,Decor,Apple,2694.88,20.43,2144.27,2.7,13,196,S3503,2.7,16-09-2025,1,Mumbai,Tablet,Credit Card,FALSE,Delivered
U588557,P64496,Beauty,Makeup,LG,2271.97,17.77,1868.24,4.5,5,31,S4388,3.7,27-05-2024,2,Chennai,Web,Cash on Delivery,FALSE,Delayed
U468845,P49139,Electronics,Camera,Puma,29776.14,22.07,23203.55,4.5,23,385,S7389,3.7,04-09-2025,5,Delhi,Web,Credit Card,FALSE,In Transit
U130434,P60968,Clothing,Women,Boat,4193.88,60.31,1664.34,3.4,38,172,S7624,2.8,04-04-2024,4,Hyderabad,Tablet,Credit Card,FALSE,In Transit
U513160,P87580,Clothing,Kids,Lenovo,1798.84,41.96,1044.13,3.7,13,288,S1444,3.9,01-12-2025,1,Delhi,Mobile App,Cash on Delivery,FALSE,Delivered
U497519,P52906,Beauty,Skincare,Samsung,866.36,10.25,777.55,5,10,108,S8449,4.8,13-04-2024,3,Bangalore,Web,Debit Card,FALSE,In Transit
U593152,P12540,Home,Kitchen,Sony,3361.65,13.16,2919.41,3.9,17,383,S9837,4.5,18-04-2024,5,Delhi,Mobile App,Debit Card,TRUE,Returned
U890870,P14067,Clothing,Kids,Apple,3877.26,24.14,2941.23,4.2,25,486,S5051,3.5,12-12-2025,1,Delhi,Mobile App,UPI,FALSE,Delayed
U801978,P24993,Clothing,Men,Nike,2476.11,54.86,1117.8,3,20,288,S4571,3.8,12-12-2025,1,Hyderabad,Web,Debit Card,FALSE,In Transit
U915573,P31465,Clothing,Kids,HP,1530.61,53.83,706.64,3.4,33,493,S6096,4.4,11-10-2024,4,Delhi,Mobile App,UPI,FALSE,In Transit
U849747,P35995,Sports,Cycling,Boat,11789.29,11.44,10440.51,4.2,8,38,S4978,3.4,18-08-2024,5,Hyderabad,Mobile App,Debit Card,FALSE,Delayed
U464069,P79827,Sports,Fitness,HP,6260.67,40.88,3701.42,3.6,11,219,S7071,2.5,24-12-2024,3,Delhi,Mobile App,Debit Card,FALSE,Delivered
U479781,P93307,Beauty,Makeup,Apple,3075.34,48.16,1594.31,3.2,10,456,S8532,2.9,24-05-2025,2,Hyderabad,Tablet,Credit Card,FALSE,In Transit
U745830,P80539,Clothing,Kids,Lenovo,2776.5,65.93,946.03,4.7,36,396,S8921,2.9,05-05-2024,5,Bangalore,Web,Cash on Delivery,FALSE,Delayed
U971084,P21359,Sports,Outdoor,LG,14048.32,46.65,7494.7,3.4,17,142,S8385,3,31-12-2025,4,Mumbai,Mobile App,Cash on Delivery,FALSE,Delayed
U130094,P74789,Sports,Cycling,Boat,9314.47,22.07,7258.88,3.5,38,435,S6325,3.3,26-02-2026,1,Bangalore,Mobile App,Cash on Delivery,TRUE,Returned
U393243,P88139,Clothing,Women,Sony,2918.28,54.25,1335.11,3.1,15,359,S5526,3.1,01-11-2025,4,Bangalore,Tablet,UPI,FALSE,Delayed
U612311,P82768,Clothing,Men,Adidas,1244.81,26.66,913,3.5,10,388,S4937,4.9,11-01-2026,1,Hyderabad,Tablet,Cash on Delivery,FALSE,Delayed
U408528,P39045,Beauty,Makeup,Samsung,4985,31.79,3400.15,3.9,19,207,S4986,3.4,09-10-2024,2,Delhi,Web,Debit Card,FALSE,In Transit
U882169,P82140,Sports,Cycling,LG,9018.08,18.23,7373.9,4,123,169,S6764,3.5,30-06-2025,6,Hyderabad,Tablet,Cash on Delivery,FALSE,In Transit
U856321,P35242,Home,Kitchen,Adidas,4456.63,21.8,3485.13,4.3,5,161,S2958,4.9,21-04-2024,3,Delhi,Tablet,Credit Card,FALSE,Delivered
U859782,P87278,Clothing,Kids,Puma,4401.47,21.77,3443.41,5,23,500,S9595,2.9,26-05-2024,1,Bangalore,Tablet,Debit Card,FALSE,Delivered
U288158,P49618,Clothing,Women,Adidas,1571.82,61.34,607.64,3.6,64,7,S9751,3.5,17-01-2025,5,Bangalore,Mobile App,Debit Card,FALSE,Delivered
U768854,P74340,Electronics,Headphones,H&M,29299.25,9.3,26575.24,4.3,47,52,S1200,4.5,13-04-2025,1,Mumbai,Tablet,Debit Card,FALSE,In Transit
U153872,P43092,Beauty,Makeup,LG,3033.42,33.09,2029.76,4.5,2,481,S8827,3,03-10-2025,1,Mumbai,Mobile App,UPI,FALSE,In Transit
U259097,P29555,Beauty,Skincare,HP,2915.73,26.2,2151.87,3.8,5,415,S5978,3.9,03-03-2026,1,Delhi,Mobile App,Credit Card,FALSE,Delivered
U929151,P91057,Sports,Outdoor,HP,14773.83,28.66,10540.23,3.7,9,115,S9561,3.8,18-09-2024,3,Chennai,Web,Cash on Delivery,FALSE,In Transit
U696251,P91399,Home,Decor,Boat,2276.33,37.41,1424.78,3.4,8,30,S2625,4,04-05-2024,3,Bangalore,Mobile App,Credit Card,FALSE,In Transit
U678805,P19838,Electronics,Laptop,Adidas,54877.75,23.16,42166.9,4.2,24,80,S1043,2.7,22-01-2026,3,Mumbai,Web,Cash on Delivery,FALSE,Delayed
U342720,P47762,Sports,Outdoor,Sony,9350.87,47.72,4888.75,4.2,17,361,S5632,3,05-06-2024,5,Delhi,Tablet,Cash on Delivery,FALSE,Delivered
U793300,P35928,Clothing,Women,Zara,1680.19,45.81,910.49,4.4,9,217,S2880,3.4,24-01-2025,5,Chennai,Tablet,Credit Card,FALSE,Delayed
U162535,P31747,Clothing,Women,Nike,3672.16,14.67,3133.6,4.3,11,405,S6039,4.9,02-08-2024,1,Delhi,Tablet,Debit Card,FALSE,In Transit
U833723,P62757,Electronics,Camera,H&M,38450.43,33.23,25673.49,4.8,58,482,S5460,4.8,15-07-2025,6,Bangalore,Tablet,Cash on Delivery,FALSE,In Transit
U733039,P42816,Electronics,Mobile,Boat,53499.87,25.59,39809.66,3.4,15,13,S2496,3,01-06-2025,5,Bangalore,Mobile App,UPI,FALSE,Delayed
U593355,P78021,Home,Decor,Samsung,16111.49,25.48,12006.05,5,28,333,S8245,3.1,20-01-2025,5,Mumbai,Web,Credit Card,FALSE,Delayed
U592841,P55607,Beauty,Haircare,Puma,1831.4,7.94,1685.97,4,2,209,S6460,4.3,13-01-2026,4,Delhi,Web,UPI,FALSE,Delivered
U402218,P96846,Home,Kitchen,H&M,17656.64,49.57,8905.06,4.3,16,483,S7561,3.4,22-03-2025,3,Hyderabad,Tablet,UPI,FALSE,In Transit
U221552,P62976,Electronics,Headphones,Sony,62539.12,39.44,37871.86,4.2,85,442,S9431,3.1,27-01-2026,4,Bangalore,Mobile App,Cash on Delivery,FALSE,In Transit
U752878,P75338,Electronics,Laptop,Lenovo,13285.56,6.47,12425.55,3,6,320,S8242,4.9,19-01-2025,4,Bangalore,Mobile App,Credit Card,FALSE,In Transit
U832168,P73532,Sports,Fitness,Sony,14198.61,26.03,10502.28,3.4,29,62,S1472,3.5,28-07-2024,4,Hyderabad,Tablet,Credit Card,TRUE,Returned
U679077,P63476,Clothing,Women,Lenovo,1537.56,33.05,1029.47,4,33,47,S4681,4.7,09-03-2026,5,Delhi,Mobile App,Cash on Delivery,FALSE,Delivered
U633590,P45838,Clothing,Women,H&M,4977.09,51.76,2400.89,4,13,212,S8905,4.4,26-08-2025,6,Bangalore,Web,Credit Card,FALSE,In Transit
U728492,P76616,Sports,Fitness,Boat,6171.96,17.28,5105.25,3.6,19,382,S3236,4.5,20-08-2024,1,Mumbai,Mobile App,Debit Card,FALSE,In Transit
U396578,P49132,Home,Decor,Sony,2652.75,16.69,2210.03,3.8,120,428,S9022,2.8,02-10-2024,5,Delhi,Mobile App,Cash on Delivery,FALSE,Delayed
U899929,P81228,Beauty,Makeup,LG,4437.95,45.79,2405.67,4.8,45,193,S8460,4.3,26-11-2025,3,Chennai,Web,Credit Card,FALSE,Delayed
U997594,P63841,Clothing,Kids,Boat,4406.72,30.04,3082.92,4,10,22,S6213,4.7,20-03-2025,3,Mumbai,Tablet,Cash on Delivery,FALSE,Delayed
U619389,P14852,Beauty,Makeup,Zara,818.58,38.46,503.77,4,13,64,S9229,3.1,11-08-2025,5,Mumbai,Tablet,Debit Card,FALSE,Delivered
U116093,P28894,Beauty,Skincare,Lenovo,2887.25,21.95,2253.46,3.6,10,209,S3529,4.6,08-04-2024,2,Hyderabad,Mobile App,Cash on Delivery,FALSE,In Transit
U781403,P20527,Home,Decor,H&M,15320.28,39.69,9239.9,4.3,53,436,S6383,4.1,07-03-2026,6,Hyderabad,Tablet,Cash on Delivery,FALSE,In Transit
U171744,P40771,Beauty,Haircare,Samsung,4850.61,10.85,4324.13,4.6,18,323,S5708,2.9,10-02-2025,2,Chennai,Mobile App,UPI,TRUE,Returned
U565230,P31805,Beauty,Skincare,Zara,4300.21,42.17,2486.96,4.3,12,355,S5906,2.8,18-11-2024,5,Delhi,Mobile App,UPI,FALSE,In Transit
U551607,P29080,Electronics,Headphones,LG,70104.07,35.01,45562.32,3.6,11,125,S9702,3.1,05-11-2025,2,Bangalore,Web,Credit Card,FALSE,Delivered
U749813,P99539,Clothing,Men,HP,640.1,38.39,394.35,4,31,123,S9153,4.4,10-11-2025,3,Hyderabad,Tablet,Credit Card,FALSE,Delivered
U367729,P97404,Beauty,Haircare,Sony,4620.07,40.84,2733.04,3.3,19,4,S8622,3.1,08-09-2025,1,Hyderabad,Web,Credit Card,FALSE,Delivered
U769975,P65615,Beauty,Makeup,HP,3327.29,31.56,2277.13,4,19,353,S5097,2.7,08-01-2026,1,Bangalore,Web,Debit Card,TRUE,Returned
U348728,P59986,Clothing,Women,Puma,2659.72,61.61,1021.14,3.3,19,292,S6881,3.9,06-07-2025,1,Delhi,Tablet,Debit Card,FALSE,Delayed
U387813,P11061,Home,Furniture,Zara,4996.64,47.36,2630.45,3.9,9,289,S1803,2.6,27-03-2025,1,Hyderabad,Tablet,Cash on Delivery,FALSE,In Transit
U767542,P34920,Clothing,Kids,LG,2286.15,58.04,959.38,3.6,12,317,S5106,2.8,10-07-2025,1,Mumbai,Tablet,Credit Card,FALSE,Delayed
U134985,P85965,Electronics,Mobile,Sony,72216.6,37.73,44967.79,4.6,33,186,S3153,4.5,27-05-2024,4,Hyderabad,Mobile App,Debit Card,FALSE,In Transit
U924718,P80701,Beauty,Skincare,Adidas,4123.03,33.96,2722.81,4.7,24,448,S6994,4,26-10-2025,2,Mumbai,Tablet,Debit Card,FALSE,Delivered
U943298,P25095,Home,Kitchen,Sony,12699.1,38.49,7810.89,3.8,56,239,S2233,2.6,26-08-2025,3,Bangalore,Mobile App,Credit Card,FALSE,Delayed
U929090,P61717,Beauty,Haircare,LG,2567.73,23.15,1973.38,3.6,4,7,S5332,2.9,21-06-2024,1,Delhi,Tablet,UPI,FALSE,In Transit
U712955,P59941,Home,Decor,H&M,17078.66,39.55,10324.46,5,28,421,S7086,3.6,25-06-2024,3,Bangalore,Mobile App,Credit Card,FALSE,In Transit
U779112,P18285,Electronics,Headphones,HP,59394.32,14.69,50669.9,4.8,24,325,S8606,3.7,14-12-2025,3,Mumbai,Tablet,Debit Card,FALSE,Delayed
U139019,P49893,Beauty,Skincare,Nike,2145.49,33.46,1427.52,3.9,1,252,S2902,3.7,17-03-2025,4,Delhi,Mobile App,Credit Card,FALSE,Delayed
U803055,P80804,Clothing,Women,Puma,4418.37,45.58,2404.61,3.7,6,214,S3531,4.6,04-08-2024,1,Bangalore,Web,UPI,FALSE,In Transit
U823811,P58566,Sports,Outdoor,Sony,3936.9,15.56,3324.31,3.8,54,111,S8264,4.2,23-10-2025,1,Delhi,Web,Credit Card,FALSE,In Transit
U163491,P62184,Electronics,Headphones,Lenovo,15931.74,17.57,13131.93,4.7,4,141,S4109,4.5,17-11-2024,5,Bangalore,Mobile App,Cash on Delivery,FALSE,Delivered
U122394,P16629,Clothing,Kids,Zara,2508.66,12.05,2206.33,3.2,37,402,S6464,3.3,22-11-2025,5,Chennai,Mobile App,Credit Card,FALSE,Delayed
U714867,P38305,Clothing,Men,Lenovo,687.08,10.3,616.34,3.9,31,416,S4817,3.1,06-04-2025,1,Mumbai,Web,Credit Card,FALSE,Delayed
U666456,P42853,Electronics,Headphones,Nike,44129.75,10.02,39706.19,4.3,22,408,S3858,4.3,06-12-2025,1,Mumbai,Mobile App,UPI,FALSE,Delivered
U439498,P12068,Electronics,Headphones,Adidas,16712.29,39.25,10152.37,3.9,19,89,S5347,4.7,21-08-2024,2,Chennai,Mobile App,Credit Card,FALSE,Delayed
U599380,P68756,Beauty,Haircare,Apple,3509.73,14.71,2993.61,3.3,102,398,S6931,3.4,07-06-2024,4,Delhi,Tablet,UPI,FALSE,In Transit
U862569,P96363,Sports,Fitness,HP,14903.39,38.86,9112.04,3.8,12,266,S5941,3.5,11-10-2025,2,Delhi,Web,UPI,FALSE,Delivered
U614084,P68138,Beauty,Makeup,Boat,3858.97,24.6,2909.62,3.8,22,37,S2323,3.3,05-08-2025,5,Delhi,Web,Credit Card,FALSE,Delivered
U674993,P52622,Clothing,Women,HP,3244.24,45.79,1758.73,2.8,117,195,S9692,4,14-02-2025,6,Chennai,Web,Cash on Delivery,TRUE,Returned
U931621,P24996,Sports,Cycling,Boat,13018.34,28.36,9326.51,3.7,19,436,S4522,2.9,03-07-2024,1,Delhi,Web,Cash on Delivery,FALSE,Delivered
U536196,P22463,Beauty,Makeup,Puma,2092.95,38.61,1284.87,3.9,124,160,S7992,2.5,29-12-2025,5,Hyderabad,Web,Debit Card,FALSE,In Transit
U195656,P21188,Clothing,Kids,Puma,4541.14,66.07,1540.98,3.5,15,47,S8075,3.8,19-08-2025,4,Delhi,Mobile App,Debit Card,FALSE,Delivered
U688967,P53207,Sports,Fitness,HP,1799.58,37.29,1128.45,4,18,343,S3002,3,08-05-2025,2,Chennai,Web,Debit Card,FALSE,Delayed
U729575,P50953,Beauty,Haircare,Samsung,3603.42,30.53,2503.33,4.5,18,180,S2697,3.8,09-02-2026,1,Bangalore,Tablet,Credit Card,FALSE,Delivered
U986438,P82910,Beauty,Skincare,Apple,2672.84,40.72,1584.5,3.3,32,188,S2882,4.8,21-02-2025,1,Bangalore,Web,Credit Card,FALSE,In Transit
U127529,P89822,Sports,Cycling,HP,12427.91,24.07,9436.73,3.6,26,475,S5381,3.6,16-12-2025,4,Chennai,Mobile App,Credit Card,FALSE,In Transit
U290217,P28776,Home,Kitchen,LG,17515.93,13.03,15233.59,3.4,9,289,S7566,3.5,01-08-2024,2,Delhi,Mobile App,Credit Card,FALSE,Delayed
U325583,P59308,Electronics,Mobile,H&M,49585.73,19.15,40089.49,5,11,214,S8432,3.4,18-11-2025,1,Chennai,Web,Credit Card,TRUE,Returned
U914571,P84395,Home,Kitchen,H&M,7407.32,16.92,6153.98,4.4,111,305,S2391,3.1,08-09-2024,1,Bangalore,Mobile App,Credit Card,FALSE,Delivered
U385320,P68079,Sports,Fitness,Zara,12105.17,15.52,10226.81,4.4,22,338,S7947,3.1,09-02-2026,1,Delhi,Web,Cash on Delivery,FALSE,In Transit
U461939,P66349,Home,Furniture,Lenovo,1994.44,49.8,1001.28,2.8,10,56,S5640,4.9,14-10-2024,5,Delhi,Tablet,Cash on Delivery,FALSE,Delayed
U728437,P17180,Home,Furniture,Adidas,4817.74,25.27,3600.46,3.5,69,3,S4349,3.7,19-08-2025,4,Hyderabad,Web,Credit Card,FALSE,Delivered
U108105,P75193,Home,Kitchen,LG,19509.13,39.59,11786.05,4.4,6,382,S8055,2.7,05-06-2024,3,Delhi,Mobile App,Credit Card,FALSE,In Transit
U685864,P97562,Sports,Cycling,Adidas,10776.8,6.63,10062.6,3.4,8,412,S6802,3.4,21-03-2025,2,Chennai,Mobile App,Cash on Delivery,FALSE,Delayed
U181644,P51033,Electronics,Camera,Samsung,22929.15,35.57,14773.99,4.3,11,294,S8033,3.5,17-06-2024,6,Hyderabad,Tablet,Cash on Delivery,FALSE,Delayed
U121869,P52568,Beauty,Makeup,Apple,3214.16,28.96,2283.29,3.5,30,87,S8538,3.3,17-07-2025,4,Hyderabad,Tablet,Debit Card,FALSE,Delivered
U717476,P62487,Beauty,Skincare,Adidas,4795.15,46.97,2542.73,3.5,278,268,S2288,3.7,14-12-2024,1,Hyderabad,Web,Debit Card,FALSE,Delayed
U180089,P76910,Home,Furniture,LG,4321.93,11.59,3821.16,3.5,16,324,S2868,3.1,01-05-2024,1,Mumbai,Tablet,Credit Card,FALSE,In Transit
U347745,P23474,Home,Decor,Zara,3318.67,44.42,1844.36,4.2,12,74,S5193,4,20-08-2025,4,Mumbai,Mobile App,Credit Card,TRUE,Returned
U285751,P92306,Sports,Fitness,Zara,3570.45,26.81,2613.32,4.2,79,252,S8601,2.9,18-01-2026,1,Delhi,Tablet,Cash on Delivery,FALSE,Delayed
U438908,P92210,Sports,Cycling,Zara,10528.46,32.81,7073.83,3.3,37,161,S3473,3.3,27-09-2024,5,Chennai,Web,UPI,FALSE,In Transit
U720148,P17362,Beauty,Haircare,Sony,827.41,25.24,618.57,3.6,6,180,S9312,2.9,11-07-2025,4,Bangalore,Mobile App,Debit Card,FALSE,In Transit
U972097,P47627,Beauty,Skincare,Samsung,842.26,40.57,500.6,4.7,44,39,S2479,2.5,26-11-2024,5,Bangalore,Tablet,Cash on Delivery,FALSE,In Transit
U571579,P84928,Sports,Cycling,H&M,7573.88,9.94,6821.18,2.9,157,333,S4084,2.9,12-10-2025,3,Delhi,Web,Cash on Delivery,TRUE,Returned
U208529,P55015,Sports,Fitness,Samsung,12254.95,32.63,8255.71,3.8,56,365,S2381,4.9,15-12-2024,2,Hyderabad,Tablet,Credit Card,FALSE,Delivered
U649525,P78517,Clothing,Kids,Puma,1919.33,60.45,759.05,4.9,10,312,S3600,3.6,07-08-2025,2,Hyderabad,Web,Debit Card,FALSE,In Transit
U154909,P92691,Beauty,Makeup,LG,4435.81,49.47,2241.31,3.5,18,331,S6482,4.1,16-03-2025,1,Chennai,Mobile App,Debit Card,FALSE,Delivered
U364236,P96057,Sports,Cycling,Boat,6120.13,25.79,4541.89,3.3,3,493,S3463,4.4,27-12-2024,5,Bangalore,Web,UPI,FALSE,Delayed
U235215,P87993,Clothing,Women,Sony,594.25,56.15,260.56,3.1,90,362,S2388,3.1,12-10-2024,2,Hyderabad,Web,Cash on Delivery,TRUE,Returned
U197992,P94675,Home,Furniture,Zara,19236.7,19.5,15485.6,4,6,343,S7937,4,30-08-2025,2,Chennai,Tablet,Debit Card,FALSE,Delivered
U458332,P73736,Home,Kitchen,Nike,13473.09,46.76,7172.57,3.6,5,98,S4711,3.5,24-09-2025,2,Mumbai,Mobile App,Credit Card,FALSE,Delivered
U975686,P79013,Home,Furniture,Lenovo,18638.03,5.57,17599.49,4.4,14,19,S6517,3.1,11-09-2025,4,Chennai,Tablet,Credit Card,FALSE,Delayed
U971728,P91885,Beauty,Skincare,Nike,3696.76,34.53,2420.37,3.9,5,414,S3712,3.8,05-08-2024,2,Mumbai,Tablet,Cash on Delivery,FALSE,Delivered
U565776,P90031,Beauty,Makeup,Zara,640.98,26.98,468.06,3.6,7,145,S8355,4,26-01-2025,5,Mumbai,Mobile App,Credit Card,FALSE,In Transit
U561999,P70513,Beauty,Skincare,LG,3506.65,33.63,2327.25,3.5,32,393,S5616,4.5,04-10-2025,2,Chennai,Web,Cash on Delivery,FALSE,Delivered
U154714,P94040,Clothing,Kids,Nike,4466.53,49.45,2257.67,4.4,8,246,S7081,3,23-07-2025,6,Bangalore,Tablet,UPI,FALSE,Delayed
U900185,P31012,Sports,Fitness,Sony,11534.37,6.59,10774.37,3.5,38,139,S8361,4.2,20-07-2025,1,Delhi,Tablet,Credit Card,FALSE,In Transit
U127965,P64381,Electronics,Laptop,Puma,61719.85,18.49,50308.99,5,37,27,S7495,3.5,30-05-2025,6,Bangalore,Tablet,Debit Card,FALSE,Delivered
U129556,P51770,Beauty,Skincare,LG,3174.03,40.74,1880.97,3.9,8,476,S2623,4.3,12-06-2024,3,Mumbai,Tablet,Debit Card,FALSE,Delivered
U829884,P28191,Clothing,Men,Sony,1514.47,45.96,818.39,3.7,21,388,S8685,2.7,24-04-2024,3,Hyderabad,Web,UPI,FALSE,Delivered
U675462,P89807,Electronics,Headphones,Adidas,9391.32,23.1,7221.51,3.3,16,270,S7934,2.7,22-07-2024,1,Mumbai,Mobile App,Debit Card,FALSE,Delivered
U540218,P93748,Home,Furniture,Samsung,14977.6,33.92,9897.88,4.9,6,406,S8489,5,04-02-2025,2,Mumbai,Mobile App,UPI,FALSE,In Transit
U702980,P41711,Sports,Cycling,Samsung,8700.47,49.08,4429.92,4.1,8,367,S3352,3.2,30-03-2025,6,Chennai,Web,Cash on Delivery,FALSE,Delivered
U536802,P34551,Sports,Outdoor,Adidas,6730.02,44.27,3750.45,3.7,30,340,S2402,4.8,07-06-2024,1,Chennai,Tablet,Debit Card,FALSE,Delivered
U681070,P12665,Sports,Cycling,Lenovo,13686.16,40.11,8196.7,3.7,14,199,S8702,4.1,25-11-2025,1,Chennai,Mobile App,Cash on Delivery,FALSE,In Transit
U926823,P18855,Home,Decor,Samsung,2084.04,16.11,1748.22,3.7,29,176,S4950,4.6,30-01-2026,6,Bangalore,Tablet,UPI,FALSE,Delayed
U672536,P54374,Home,Furniture,Samsung,17208.7,30.29,11996.24,3.3,6,416,S3868,4.7,01-08-2024,3,Bangalore,Tablet,Cash on Delivery,FALSE,Delayed
U166165,P69988,Beauty,Haircare,Nike,2888.81,7.35,2676.44,3,11,18,S5807,4.9,27-09-2024,1,Mumbai,Mobile App,UPI,FALSE,Delivered
U517568,P81176,Electronics,Headphones,Sony,15872.38,38.15,9817.66,3.5,17,242,S5150,3.8,03-03-2026,6,Chennai,Mobile App,Credit Card,FALSE,In Transit
U386488,P26315,Home,Furniture,Zara,14733.47,29.46,10393.1,3.9,8,409,S7029,2.9,08-07-2025,1,Bangalore,Web,Cash on Delivery,FALSE,Delayed
U620306,P75211,Beauty,Makeup,LG,4337.54,38.72,2658.14,4.3,10,188,S9507,3.6,31-07-2024,5,Mumbai,Web,UPI,FALSE,Delayed
U962287,P33652,Beauty,Skincare,Boat,1441.38,19.86,1155.13,3.9,101,279,S5813,2.9,26-10-2025,5,Chennai,Web,UPI,FALSE,Delivered
U567576,P88986,Home,Decor,Sony,11643.46,29.86,8166.36,3.8,10,367,S7981,3.7,24-08-2024,4,Bangalore,Mobile App,Cash on Delivery,FALSE,In Transit
U744718,P67008,Beauty,Skincare,H&M,2026.02,48.4,1045.4,3.9,4,140,S1939,3.9,02-10-2025,4,Bangalore,Mobile App,Cash on Delivery,FALSE,In Transit
U132653,P28714,Sports,Cycling,Zara,8228.92,12.11,7232.57,4.4,38,434,S8179,4.7,06-04-2024,2,Mumbai,Mobile App,Credit Card,FALSE,Delivered
U501451,P84349,Clothing,Kids,LG,2781.73,53.96,1280.76,3.6,51,16,S3513,2.7,05-08-2024,6,Bangalore,Tablet,Cash on Delivery,FALSE,In Transit
U244383,P79397,Home,Kitchen,Apple,10598.93,49.28,5375.25,4.5,84,187,S7521,4.9,22-03-2025,4,Chennai,Web,Debit Card,FALSE,Delivered
U623285,P77861,Electronics,Mobile,H&M,54210.05,33.8,35885.13,4.1,5,198,S2929,4.6,27-05-2025,2,Mumbai,Web,Debit Card,FALSE,Delayed
U827691,P74382,Beauty,Skincare,HP,1708.88,41.97,991.6,2.8,10,102,S3009,4.7,29-04-2024,2,Bangalore,Mobile App,UPI,FALSE,In Transit
U949884,P99381,Clothing,Kids,Puma,1599.53,35.21,1036.38,3.9,30,495,S6236,4.1,02-09-2025,1,Delhi,Tablet,Debit Card,FALSE,Delayed
U846385,P93584,Electronics,Headphones,Sony,51569.64,27.19,37545.29,4.5,9,89,S6922,2.5,10-09-2024,1,Mumbai,Tablet,Credit Card,FALSE,Delivered
U127560,P57303,Clothing,Men,Adidas,1252.09,14.62,1068.98,4.2,13,283,S7044,2.7,21-09-2025,6,Hyderabad,Web,Credit Card,FALSE,Delayed
U851759,P72739,Electronics,Mobile,Sony,62236.65,33.26,41537.45,4.9,28,269,S7730,2.8,15-07-2024,3,Hyderabad,Web,UPI,FALSE,Delivered
U588461,P99143,Home,Decor,Apple,17426.71,48.96,8895.29,3.9,7,264,S6644,2.6,16-01-2026,1,Hyderabad,Mobile App,Credit Card,FALSE,Delivered
U643269,P30056,Beauty,Haircare,Samsung,4869.33,36.47,3093.52,4.4,157,155,S3697,3.2,13-12-2024,3,Delhi,Mobile App,Debit Card,FALSE,Delayed
U987025,P20336,Clothing,Women,Lenovo,1006.61,24.51,759.85,3.8,14,128,S4216,2.7,23-02-2026,1,Bangalore,Tablet,Debit Card,FALSE,Delivered
U626986,P94015,Home,Decor,Lenovo,12377.36,44.48,6872.31,3.3,5,86,S3526,3.2,08-04-2024,4,Delhi,Mobile App,Debit Card,FALSE,Delayed
U772612,P85598,Electronics,Mobile,Apple,37188.69,13.83,32045.21,4.1,4,135,S4453,4.8,11-08-2024,4,Delhi,Tablet,Cash on Delivery,TRUE,Returned
U757629,P81509,Sports,Cycling,Samsung,8002.97,24.37,6052.71,3.6,3,148,S5949,2.9,04-06-2024,1,Hyderabad,Web,Credit Card,FALSE,Delayed
U822063,P17852,Beauty,Makeup,Puma,3986.25,35.44,2573.56,3.7,12,80,S8202,4.1,05-06-2025,3,Delhi,Web,Cash on Delivery,FALSE,In Transit
U427766,P51853,Clothing,Women,HP,3202.93,14.26,2746.32,3.5,5,375,S6658,4.8,14-02-2025,3,Mumbai,Web,Credit Card,FALSE,In Transit
U353480,P71141,Sports,Cycling,Apple,9526.54,26.14,7036.45,3.3,1,62,S5382,2.5,19-02-2025,1,Bangalore,Web,Credit Card,FALSE,Delivered
U745270,P64805,Electronics,Mobile,Sony,5574.8,33.09,3730.07,4.1,308,127,S3616,3.2,17-04-2024,3,Hyderabad,Web,Debit Card,TRUE,Returned
U589491,P75373,Clothing,Men,Puma,1780.53,44.49,988.43,3.8,11,450,S6055,3.5,04-09-2024,6,Chennai,Web,UPI,TRUE,Returned
U352422,P38199,Electronics,Camera,Lenovo,59739.52,15.39,50548.32,4.7,30,298,S6781,3.1,30-06-2024,6,Hyderabad,Mobile App,UPI,TRUE,Returned
U399628,P80345,Home,Kitchen,HP,14045.21,25.53,10459.38,3.5,14,4,S2761,4.8,06-01-2025,4,Hyderabad,Web,Credit Card,FALSE,In Transit
U520040,P16705,Home,Kitchen,LG,15247.16,34.09,10049.36,4.1,50,291,S4189,4.8,11-07-2025,5,Delhi,Web,Debit Card,FALSE,Delivered
U393308,P91689,Beauty,Haircare,Puma,778.68,7.99,716.46,3.2,22,348,S2946,3.8,23-04-2024,1,Chennai,Mobile App,UPI,FALSE,In Transit
U891638,P28909,Home,Kitchen,Lenovo,8588.01,14.72,7323.66,4.6,17,101,S9341,4.2,12-08-2024,6,Bangalore,Web,UPI,FALSE,Delivered
U943019,P72094,Electronics,Laptop,H&M,37244.83,20.62,29563.2,4.4,32,265,S8487,4.4,06-07-2024,4,Bangalore,Mobile App,Credit Card,FALSE,In Transit
U746447,P49221,Sports,Outdoor,Nike,897.59,22.68,693.98,4.5,440,303,S6511,2.9,25-01-2025,4,Hyderabad,Tablet,Cash on Delivery,FALSE,Delayed
U486251,P53416,Sports,Outdoor,Puma,9864.42,33.66,6544,3.6,16,344,S2795,2.8,24-09-2024,5,Delhi,Web,Debit Card,FALSE,Delayed
U705693,P39824,Electronics,Camera,Sony,68535.46,8.68,62583.79,3.9,22,369,S1841,2.6,03-12-2024,2,Chennai,Tablet,Cash on Delivery,TRUE,Returned
U912233,P59832,Clothing,Kids,Zara,1220.11,27.35,886.35,3.8,25,75,S4968,4.6,28-12-2024,6,Chennai,Mobile App,UPI,FALSE,Delivered
U258787,P64127,Electronics,Camera,LG,78800.99,16.91,65472.95,4,23,353,S4340,2.9,21-12-2025,1,Hyderabad,Web,Cash on Delivery,FALSE,Delayed
U688132,P52604,Electronics,Laptop,Lenovo,23518.06,11.2,20883.81,5,21,339,S8837,3.9,29-07-2025,4,Mumbai,Tablet,Cash on Delivery,FALSE,In Transit
U672808,P56437,Clothing,Women,Lenovo,3112.1,39.33,1887.99,4,49,346,S5331,3.7,31-10-2025,1,Bangalore,Tablet,Cash on Delivery,FALSE,Delivered
U335790,P49008,Clothing,Women,Lenovo,1165.93,17.94,956.73,4.6,95,394,S5735,4.7,03-11-2024,6,Bangalore,Tablet,Credit Card,FALSE,Delayed
U687713,P45842,Beauty,Makeup,Puma,4012.21,44.47,2228.02,4,19,147,S2996,3.7,05-12-2024,4,Bangalore,Tablet,Cash on Delivery,FALSE,In Transit
U401602,P20358,Home,Furniture,Sony,10926.44,32.26,7401.68,3.8,39,177,S8247,5,08-03-2026,1,Delhi,Tablet,Debit Card,FALSE,Delayed
U384303,P83664,Beauty,Skincare,Adidas,2952.94,14.02,2538.9,4.4,16,356,S5450,3.1,03-12-2025,3,Chennai,Mobile App,UPI,FALSE,Delayed
U802371,P79604,Sports,Fitness,Adidas,11557.65,46.82,6146.75,5,31,115,S4814,4.5,09-02-2026,4,Delhi,Mobile App,UPI,FALSE,In Transit
U814281,P28018,Home,Decor,Puma,19191.51,35.46,12386.78,3.7,47,2,S3587,4.6,01-10-2025,2,Delhi,Web,Cash on Delivery,FALSE,In Transit
U777273,P17754,Clothing,Women,LG,1142.83,55.97,503.22,4,58,464,S2465,3.2,25-10-2025,1,Bangalore,Tablet,Credit Card,FALSE,Delayed
U138105,P62034,Electronics,Laptop,Boat,56555.48,25.2,42305.52,4,28,403,S9116,4.3,28-02-2025,1,Mumbai,Mobile App,Debit Card,FALSE,Delivered
U212512,P53914,Electronics,Headphones,HP,8766.95,14.84,7466.36,4.3,16,145,S8444,4.6,03-08-2024,5,Chennai,Tablet,Cash on Delivery,FALSE,Delivered
U948102,P24764,Sports,Outdoor,Sony,6533.76,39.18,3973.67,4.2,8,169,S3662,4.6,26-07-2025,5,Mumbai,Tablet,Cash on Delivery,FALSE,Delayed
U872399,P54185,Home,Decor,Nike,10999.29,18.64,8948.61,4.2,3,404,S5833,4.4,01-06-2024,3,Delhi,Tablet,Credit Card,FALSE,Delivered
U640310,P52982,Sports,Cycling,Boat,9628.59,7.44,8911.75,3.5,61,44,S7567,2.6,20-03-2025,1,Hyderabad,Tablet,UPI,FALSE,Delivered
U107161,P44181,Clothing,Women,LG,3681.39,24.81,2768.06,3.4,61,196,S4858,2.8,13-07-2024,2,Mumbai,Web,Debit Card,FALSE,In Transit
U111991,P44282,Home,Decor,H&M,11864.37,24.01,9016.05,4.2,16,334,S6890,4.2,05-10-2024,3,Chennai,Tablet,Credit Card,TRUE,Returned
U267475,P63138,Electronics,Mobile,Puma,42036.05,10.84,37477.93,4.7,69,351,S9233,2.8,25-01-2026,1,Bangalore,Tablet,Debit Card,FALSE,Delayed
U331577,P38721,Electronics,Headphones,LG,55708.12,39.98,33435.28,4.4,7,490,S3188,3.7,20-03-2026,4,Chennai,Web,Credit Card,FALSE,In Transit
U593699,P80453,Sports,Outdoor,Boat,12954.87,13.37,11222.67,2.8,76,410,S4578,4.1,12-09-2024,2,Chennai,Mobile App,UPI,TRUE,Returned
U181896,P83946,Sports,Outdoor,Lenovo,9312.41,18.29,7609.3,4.1,8,57,S2011,4.9,29-04-2025,2,Bangalore,Tablet,Credit Card,FALSE,Delayed
U995993,P78202,Sports,Fitness,Nike,1737.45,6.94,1616.95,4.3,33,226,S2904,3.2,14-11-2024,6,Bangalore,Tablet,Credit Card,FALSE,Delayed
U567122,P17292,Sports,Outdoor,Apple,780.25,10.6,697.57,3.7,1,232,S3161,4,25-02-2025,6,Chennai,Tablet,Cash on Delivery,FALSE,In Transit
U805448,P50392,Sports,Fitness,Lenovo,10324.36,19.03,8359.23,4.3,41,370,S1356,2.8,28-01-2026,4,Hyderabad,Web,Debit Card,FALSE,Delivered
U544278,P55158,Clothing,Kids,Apple,3965.71,11.05,3527.37,4.3,9,358,S2044,4.1,30-11-2024,1,Delhi,Tablet,UPI,FALSE,Delivered
U288724,P27750,Beauty,Skincare,Sony,2832.23,35.4,1829.59,4.5,24,392,S7887,3,31-03-2024,1,Hyderabad,Web,Cash on Delivery,FALSE,In Transit
U239449,P95660,Beauty,Makeup,Apple,4699.42,26.3,3463.33,3.9,12,440,S6697,4.9,13-02-2026,4,Chennai,Mobile App,Credit Card,FALSE,Delayed
U975373,P10455,Beauty,Haircare,Nike,4821.29,21.46,3786.85,3.5,11,387,S1372,4.6,08-11-2024,1,Mumbai,Web,Cash on Delivery,FALSE,Delayed
U963355,P40102,Sports,Outdoor,Lenovo,13643.1,12.37,11954.81,4.5,33,126,S8546,4.3,28-04-2024,4,Hyderabad,Web,Credit Card,FALSE,In Transit
U948799,P96533,Clothing,Kids,Apple,772.83,39.84,464.94,3,9,214,S1256,3.8,04-08-2024,1,Delhi,Mobile App,Credit Card,FALSE,Delivered
U804667,P16380,Electronics,Mobile,Puma,55971.52,24.13,42465.48,4.1,18,125,S1724,3.7,11-02-2025,6,Chennai,Web,Cash on Delivery,FALSE,Delivered
U628373,P47914,Sports,Fitness,Samsung,8144.87,22.63,6301.39,3.5,27,119,S6224,5,07-01-2025,3,Mumbai,Tablet,Debit Card,FALSE,Delivered
U331780,P64206,Home,Furniture,Zara,11821.26,31.71,8072.71,4,10,153,S5508,4.6,01-10-2025,2,Chennai,Mobile App,Credit Card,TRUE,Returned
U461145,P94320,Beauty,Haircare,Puma,2096.99,48.52,1079.59,4.3,14,343,S7244,3.1,09-01-2026,5,Delhi,Tablet,Debit Card,FALSE,Delayed
U494747,P34101,Beauty,Makeup,Nike,2912.41,27.45,2112.94,4.1,16,386,S9813,2.6,24-02-2026,2,Bangalore,Web,Credit Card,FALSE,Delivered
U160423,P83713,Home,Decor,Nike,10778.99,16.06,9047.74,4.3,16,211,S7824,3.2,08-05-2024,5,Hyderabad,Tablet,Credit Card,FALSE,In Transit
U778120,P20363,Clothing,Women,Adidas,4637.89,32.3,3139.69,4.6,11,472,S8369,3.6,16-11-2024,3,Bangalore,Web,UPI,TRUE,Returned
U381502,P59436,Sports,Cycling,Adidas,8820.7,23.7,6730,3.5,42,344,S1647,4.7,19-09-2024,1,Delhi,Mobile App,Credit Card,FALSE,Delayed
U449138,P49739,Sports,Fitness,Puma,8911.29,28.25,6393.72,3.5,52,489,S1251,4.8,21-03-2026,3,Mumbai,Mobile App,Credit Card,FALSE,Delayed
U837954,P36805,Electronics,Camera,Adidas,68438.72,24.06,51973.94,4.2,9,203,S4921,2.6,20-09-2025,3,Chennai,Tablet,Debit Card,FALSE,In Transit
U423404,P44283,Beauty,Makeup,Lenovo,4421.58,9.28,4011.37,4.3,42,184,S9401,3.8,25-04-2024,2,Bangalore,Web,Cash on Delivery,FALSE,Delivered
U428122,P64254,Beauty,Makeup,Adidas,4668.85,29.6,3286.8,5,47,23,S4625,2.6,01-03-2026,4,Bangalore,Tablet,Credit Card,FALSE,Delivered
U854987,P64732,Home,Decor,HP,6779.78,5.07,6436.29,4.2,6,151,S3497,3.6,05-04-2024,1,Chennai,Mobile App,Debit Card,FALSE,Delivered
U677390,P95800,Beauty,Haircare,Adidas,4120.54,21.69,3226.7,4.6,3,483,S6530,3.5,25-07-2025,1,Hyderabad,Web,Cash on Delivery,FALSE,Delayed
U277487,P28344,Beauty,Makeup,Nike,2684.46,33.28,1791.08,2.7,14,368,S9954,2.8,19-04-2025,4,Bangalore,Web,Credit Card,FALSE,Delayed
U901467,P10836,Electronics,Mobile,Apple,47006.88,20.71,37272.47,4.1,13,211,S3252,2.8,31-10-2024,2,Delhi,Tablet,Credit Card,FALSE,Delivered
U578160,P58916,Clothing,Men,Adidas,4327.12,18.53,3525.29,4.2,6,30,S8916,4.3,16-02-2025,5,Chennai,Tablet,Cash on Delivery,FALSE,Delivered
U655134,P46010,Electronics,Camera,Samsung,59529.26,10.71,53155.92,4.7,46,274,S5697,4.5,01-03-2025,1,Delhi,Mobile App,Cash on Delivery,TRUE,Returned
U256130,P41584,Clothing,Men,Apple,4088.96,43.54,2308.67,4.8,20,98,S9625,2.6,19-06-2024,1,Chennai,Web,Debit Card,FALSE,In Transit
U581294,P84055,Beauty,Skincare,LG,1060.43,29.87,743.66,3.3,15,124,S4700,4.2,19-06-2025,2,Hyderabad,Web,UPI,FALSE,Delayed
U495490,P82443,Electronics,Mobile,Boat,51877.19,15.95,43602.67,4.3,22,243,S1919,2.6,20-04-2024,4,Hyderabad,Tablet,UPI,FALSE,Delayed
U776234,P53420,Clothing,Men,Puma,1794.35,30.04,1255.27,3.5,93,289,S2562,3.4,10-03-2026,6,Hyderabad,Tablet,UPI,FALSE,Delivered
U384263,P16102,Clothing,Kids,HP,2000.58,32.89,1342.66,3.5,28,473,S2218,4,20-07-2024,3,Hyderabad,Tablet,Debit Card,FALSE,Delayed
U991737,P51220,Sports,Cycling,Samsung,666.47,25.26,498.15,4,20,8,S4394,4.3,07-09-2024,1,Mumbai,Tablet,Credit Card,FALSE,Delayed
U691353,P41519,Beauty,Skincare,Sony,1468.53,26.74,1075.89,3.4,7,290,S7375,2.9,31-08-2024,1,Mumbai,Tablet,Debit Card,FALSE,In Transit
U625119,P55332,Clothing,Kids,H&M,1274.5,51.75,614.97,3.4,18,27,S2600,2.5,19-04-2025,1,Delhi,Web,Credit Card,FALSE,Delivered
U515973,P52778,Home,Decor,HP,13844.5,19.08,11202.85,4.3,4,15,S5478,2.8,09-06-2025,5,Chennai,Web,Cash on Delivery,FALSE,Delivered
U294760,P99088,Home,Decor,Boat,5048.62,39.75,3041.61,3.1,83,299,S7227,2.5,31-10-2025,5,Hyderabad,Mobile App,Debit Card,FALSE,Delivered
U498458,P93086,Electronics,Mobile,Sony,48719.45,34.39,31963.34,4.6,7,78,S7383,2.5,30-04-2024,5,Mumbai,Web,Debit Card,FALSE,Delivered
U477400,P45358,Electronics,Mobile,Sony,37518.71,14.05,32245.49,5,12,52,S3170,3.1,16-03-2025,2,Hyderabad,Mobile App,Credit Card,FALSE,In Transit
U527865,P23538,Beauty,Haircare,Lenovo,1179.32,41.83,686.05,3.8,15,13,S2468,3.1,19-04-2025,6,Chennai,Web,UPI,FALSE,Delayed
U406024,P64238,Sports,Outdoor,Boat,10256.64,8.65,9369.26,4.2,32,198,S2387,4.5,30-11-2024,2,Delhi,Tablet,Credit Card,FALSE,Delayed
U277735,P28198,Sports,Fitness,Zara,4726.69,39.68,2850.98,3.2,14,137,S5933,3.2,06-07-2025,3,Hyderabad,Web,Cash on Delivery,FALSE,Delivered
U541557,P49289,Electronics,Laptop,Boat,32633.67,27.06,23803.44,4.5,7,247,S2260,3.8,27-12-2025,2,Bangalore,Web,Debit Card,FALSE,Delivered
U580102,P24021,Beauty,Haircare,HP,2600.38,31.95,1769.61,4,5,69,S5991,2.6,23-12-2024,4,Mumbai,Mobile App,Cash on Delivery,FALSE,In Transit
U450996,P66441,Sports,Outdoor,LG,6427.27,46.58,3433.37,3.9,7,417,S3230,4.2,12-01-2026,1,Hyderabad,Web,Debit Card,FALSE,Delayed
U517584,P51830,Clothing,Women,LG,4163.57,28.59,2973.27,3.9,3,149,S9044,3.4,15-10-2024,1,Mumbai,Tablet,Credit Card,FALSE,In Transit
U219420,P83905,Beauty,Makeup,Boat,4586.18,19.7,3682.55,3.9,2,102,S9939,4.8,25-03-2025,1,Bangalore,Mobile App,UPI,FALSE,Delayed
U936433,P48185,Beauty,Haircare,Adidas,2703.68,44.8,1492.51,3.6,2,425,S2133,4,21-08-2024,6,Hyderabad,Web,Cash on Delivery,FALSE,Delivered
U849979,P65460,Home,Furniture,Sony,4405.81,10.29,3952.46,4.3,50,404,S7176,3.9,13-07-2025,1,Mumbai,Mobile App,Cash on Delivery,FALSE,Delayed
U631221,P64827,Beauty,Haircare,Boat,4431.98,33.56,2944.66,3.4,24,278,S1602,3.1,18-06-2025,2,Chennai,Web,UPI,FALSE,Delivered
U274418,P94803,Clothing,Kids,Zara,2259.65,46.98,1198.11,2.8,82,313,S1725,4.2,22-12-2025,6,Bangalore,Tablet,Cash on Delivery,FALSE,In Transit
U371306,P39098,Beauty,Skincare,Samsung,1772.25,30.89,1224.74,3.8,138,261,S9499,2.9,05-02-2025,4,Delhi,Tablet,Credit Card,FALSE,In Transit
U823975,P75597,Home,Kitchen,Puma,8445.33,27.85,6093.2,3.7,19,77,S6651,4.2,14-05-2024,1,Chennai,Mobile App,Cash on Delivery,FALSE,Delivered
U971699,P28569,Home,Kitchen,Apple,5216.11,37.91,3238.72,4.4,45,178,S6110,4.6,13-12-2024,4,Delhi,Web,Cash on Delivery,FALSE,Delivered
U202365,P67431,Sports,Outdoor,LG,3159.91,43.47,1786.18,3.8,55,369,S8412,4.1,28-01-2025,5,Hyderabad,Web,UPI,FALSE,In Transit
U779445,P24334,Electronics,Mobile,Samsung,6163.12,11.36,5462.97,4.2,31,346,S3692,2.7,07-07-2024,4,Bangalore,Tablet,Credit Card,FALSE,Delayed
U687044,P65885,Clothing,Kids,Nike,4117.17,29.27,2912.09,3.5,6,490,S8570,3.4,02-04-2025,3,Bangalore,Mobile App,Cash on Delivery,FALSE,Delayed
U514798,P13826,Clothing,Men,Zara,703.94,59.88,282.41,3.6,57,377,S4232,2.8,19-03-2025,4,Hyderabad,Web,Cash on Delivery,TRUE,Returned
U315780,P46483,Beauty,Skincare,H&M,2830.56,20.76,2242.96,4.4,43,385,S2025,4.1,14-11-2024,2,Mumbai,Tablet,UPI,FALSE,Delayed
U579776,P24936,Clothing,Women,LG,1264.46,64.49,448.96,4.1,84,134,S9019,3.9,01-11-2025,1,Mumbai,Tablet,Debit Card,FALSE,Delayed
U219781,P55603,Beauty,Haircare,Boat,3638.71,14.1,3125.6,3.3,9,180,S8501,4.7,20-07-2025,3,Chennai,Tablet,Credit Card,FALSE,Delayed
U804758,P27556,Home,Decor,HP,11600.62,24.97,8703.52,4.2,18,160,S2931,4.2,27-07-2024,1,Delhi,Mobile App,Debit Card,FALSE,Delivered
U635638,P60916,Clothing,Women,H&M,4725.81,21.46,3711.86,3.3,40,214,S3258,2.7,13-12-2025,3,Mumbai,Tablet,Cash on Delivery,FALSE,In Transit
U827117,P94575,Clothing,Women,Zara,4197.42,56.42,1829.25,3.5,31,476,S3838,3.2,09-09-2025,1,Chennai,Tablet,Credit Card,FALSE,In Transit
U982885,P69113,Home,Furniture,Nike,16662.21,40.27,9952.38,3.3,14,317,S1878,4.2,25-12-2025,5,Bangalore,Web,UPI,FALSE,In Transit
U629990,P95599,Clothing,Men,Boat,3866.02,59.6,1561.91,4.1,56,253,S7703,3.1,28-02-2025,3,Chennai,Tablet,Cash on Delivery,FALSE,In Transit
U692862,P14044,Beauty,Makeup,Nike,307.64,40.27,183.76,2.9,38,407,S4613,2.5,12-11-2025,4,Delhi,Web,UPI,TRUE,Returned
U276379,P69942,Home,Furniture,Lenovo,15483.75,32.88,10392.9,5,55,289,S9115,3.5,09-12-2025,5,Bangalore,Tablet,UPI,FALSE,Delayed
U668373,P15453,Electronics,Headphones,Lenovo,10199.62,25.26,7623.26,4.4,24,389,S8231,3.4,02-04-2024,3,Bangalore,Tablet,Credit Card,FALSE,In Transit
U571578,P44447,Electronics,Laptop,Sony,44575.81,33.15,29796.93,4.6,99,178,S2425,4.6,03-10-2025,2,Delhi,Web,UPI,FALSE,Delivered
U845279,P89988,Clothing,Kids,HP,4386.39,13.26,3804.6,3.9,21,323,S8015,2.9,11-06-2024,6,Bangalore,Mobile App,Credit Card,FALSE,Delivered
U658136,P46842,Clothing,Men,HP,3196.86,50.07,1596.33,3.7,28,305,S9827,2.6,28-10-2024,4,Bangalore,Mobile App,Debit Card,FALSE,Delayed
U999695,P77425,Home,Kitchen,HP,9642.58,33.76,6387.59,4.5,27,460,S2560,4,22-11-2024,2,Bangalore,Mobile App,Cash on Delivery,FALSE,Delivered
U361805,P29168,Home,Decor,Nike,1987.8,8.81,1812.77,4.3,26,364,S6277,3,14-06-2025,5,Mumbai,Mobile App,Cash on Delivery,FALSE,In Transit
U758309,P64293,Clothing,Kids,Zara,4487.42,58.16,1877.61,4,45,192,S8405,4.6,17-09-2024,1,Bangalore,Mobile App,UPI,FALSE,In Transit
U576782,P73968,Sports,Cycling,Sony,12346.12,43.36,6992.27,3.6,16,167,S1040,3.7,16-05-2024,4,Bangalore,Tablet,UPI,FALSE,Delayed
U991401,P18300,Beauty,Haircare,Zara,2304.59,49.34,1167.54,4.1,5,407,S9756,2.8,02-11-2025,5,Bangalore,Web,Credit Card,FALSE,In Transit
U968581,P47171,Clothing,Women,Sony,2098.94,58.54,870.19,3.6,7,172,S9967,3.3,23-12-2025,6,Bangalore,Tablet,Credit Card,FALSE,Delayed
U148174,P23051,Beauty,Makeup,Zara,2987.36,11.48,2644.31,3.1,43,320,S8529,3.6,01-06-2024,5,Delhi,Mobile App,UPI,FALSE,Delivered
U312146,P27290,Beauty,Makeup,Samsung,1553.21,13.58,1342.24,4.1,2,451,S5945,4.7,17-09-2025,4,Hyderabad,Mobile App,Debit Card,FALSE,Delivered
U796787,P95054,Home,Kitchen,Apple,16962.05,21.72,13278.57,3.9,4,84,S1848,3.7,04-01-2026,1,Bangalore,Web,Debit Card,FALSE,Delayed
U837880,P22475,Clothing,Women,Zara,2126.32,37.24,1334.49,3.6,28,0,S4496,4.5,31-03-2025,4,Delhi,Web,UPI,FALSE,Delivered
U109738,P11056,Sports,Fitness,Lenovo,6340.25,48.66,3255.05,3.9,23,356,S6629,3.9,01-12-2025,3,Hyderabad,Mobile App,Cash on Delivery,FALSE,Delayed
U501677,P21708,Clothing,Women,Apple,1753.89,27.14,1277.84,3.3,25,374,S2678,4.8,20-10-2024,5,Mumbai,Mobile App,Debit Card,FALSE,In Transit
U772741,P98753,Home,Furniture,Boat,14859.81,49.48,7506.66,5,193,73,S2120,4.1,03-01-2026,5,Mumbai,Tablet,UPI,FALSE,Delayed
U758589,P29840,Clothing,Women,LG,740.82,43.26,420.34,3.5,7,470,S7745,4.9,16-10-2025,1,Mumbai,Tablet,Cash on Delivery,FALSE,Delivered
U718213,P60335,Electronics,Mobile,Nike,50745.62,32.04,34487.7,4.7,91,179,S8035,4,20-05-2025,5,Delhi,Web,Credit Card,FALSE,Delivered
U680278,P88774,Home,Decor,Apple,8559.45,6.37,8014.14,3.6,6,307,S5668,4.8,24-12-2025,2,Mumbai,Tablet,UPI,FALSE,Delayed
U634273,P34726,Home,Furniture,Lenovo,1954.62,24.72,1471.48,3.7,26,382,S7418,3,16-11-2024,3,Chennai,Web,UPI,FALSE,Delivered
U623850,P93634,Beauty,Makeup,Apple,4591.84,46.51,2456.33,4.3,95,304,S2163,4.4,17-03-2026,1,Mumbai,Tablet,UPI,FALSE,In Transit
U541307,P57895,Home,Furniture,Boat,5501.73,46.81,2926.29,3.5,17,279,S3830,3.6,17-09-2024,5,Chennai,Web,UPI,FALSE,Delivered
U326222,P15220,Sports,Fitness,Samsung,5316.98,18.22,4348.23,3.9,13,472,S1990,4.2,21-08-2025,3,Bangalore,Web,Debit Card,FALSE,Delayed
U186431,P93956,Sports,Outdoor,Boat,11216.47,17.49,9255.17,4.4,87,274,S9808,3.2,13-06-2024,6,Hyderabad,Tablet,Credit Card,FALSE,In Transit
U313068,P30365,Electronics,Headphones,Apple,15669.14,23.94,11918.72,3.3,16,274,S6353,2.9,31-01-2026,3,Chennai,Web,UPI,TRUE,Returned
U160718,P42044,Home,Decor,Boat,19393.45,16.1,16271.17,5,13,44,S8118,3.2,28-04-2024,1,Mumbai,Mobile App,Cash on Delivery,FALSE,Delayed
U225245,P11660,Sports,Fitness,Sony,11870.99,25.81,8807.37,3.7,35,362,S3248,3.4,09-07-2024,1,Mumbai,Tablet,UPI,FALSE,Delivered
U921021,P43980,Beauty,Makeup,Lenovo,713.87,37.84,443.76,3.9,37,85,S7092,2.8,24-11-2024,4,Chennai,Mobile App,Debit Card,FALSE,Delayed
U385192,P78662,Electronics,Mobile,LG,60119.44,25.86,44570.83,3.8,15,32,S5308,3.4,04-02-2025,1,Hyderabad,Tablet,UPI,FALSE,In Transit
U623879,P84302,Beauty,Haircare,LG,2990.8,44.29,1666.3,4.8,25,85,S7024,4.9,02-06-2025,1,Delhi,Mobile App,Debit Card,FALSE,Delivered
U339499,P76692,Sports,Cycling,H&M,1597.09,21.27,1257.4,3.9,8,1,S1721,4,16-08-2025,4,Delhi,Mobile App,Credit Card,TRUE,Returned
U257375,P33456,Electronics,Camera,LG,60415,11.04,53746.19,3.5,35,476,S1579,3.6,29-04-2025,5,Hyderabad,Tablet,Cash on Delivery,FALSE,Delivered
U384434,P20208,Home,Furniture,Boat,15858.96,10.21,14240.31,4,12,292,S7108,4,24-07-2025,6,Bangalore,Mobile App,UPI,FALSE,Delivered
U172274,P70960,Clothing,Kids,Samsung,3099.34,38.64,1901.72,3.2,4,443,S5625,3,17-12-2024,1,Hyderabad,Web,Debit Card,FALSE,Delivered
U310418,P48219,Sports,Outdoor,Samsung,3707.96,22.14,2886.85,4.1,31,288,S5979,3.2,29-11-2024,3,Bangalore,Tablet,Credit Card,FALSE,In Transit
U868043,P81638,Home,Decor,Puma,13904.78,32.08,9444.72,3.9,30,389,S5016,4.1,21-10-2024,5,Mumbai,Mobile App,UPI,FALSE,In Transit
U766833,P11257,Electronics,Laptop,Lenovo,77836.32,9.07,70774.58,4.9,23,486,S6488,4.1,10-10-2025,4,Bangalore,Mobile App,Cash on Delivery,FALSE,Delayed
U349736,P65026,Home,Furniture,Adidas,18863.48,24.72,14200.81,4.8,14,251,S1981,4.1,28-06-2025,6,Chennai,Mobile App,Debit Card,FALSE,Delivered
U834891,P58823,Electronics,Laptop,Lenovo,10258.11,6.47,9594.71,3.3,14,234,S2391,2.7,31-10-2025,5,Hyderabad,Tablet,UPI,FALSE,Delayed
U720647,P84425,Clothing,Kids,Boat,4859.04,13.01,4226.74,2.7,10,31,S8126,3.5,02-09-2024,4,Delhi,Tablet,Credit Card,FALSE,Delivered
U834764,P52762,Home,Kitchen,LG,13871.32,42.1,8031.33,4.1,15,162,S8417,3.1,17-05-2024,6,Hyderabad,Web,Credit Card,FALSE,Delivered
U262959,P23848,Clothing,Men,HP,3956.58,42.85,2261.25,4.1,15,84,S8365,2.6,22-04-2024,5,Delhi,Web,Debit Card,FALSE,In Transit
U423284,P70731,Electronics,Headphones,Adidas,25399.9,30.49,17654.71,4.7,6,135,S2964,2.8,21-05-2025,6,Hyderabad,Mobile App,Credit Card,FALSE,Delayed
U142288,P38183,Home,Decor,H&M,9633.66,13.6,8323.39,2.7,5,427,S6370,3,27-01-2026,3,Chennai,Mobile App,UPI,FALSE,Delayed
U151328,P98759,Clothing,Women,Boat,1502.04,19.61,1207.44,3.7,5,153,S5262,4.3,30-05-2024,1,Chennai,Mobile App,UPI,FALSE,In Transit
U361989,P22415,Beauty,Haircare,H&M,451.48,20.1,360.72,3.8,18,236,S2669,4.9,04-04-2024,5,Chennai,Mobile App,UPI,FALSE,Delivered
U963684,P62505,Electronics,Laptop,Nike,15159.47,6.77,14132.9,4,11,190,S2376,4.3,22-01-2026,1,Mumbai,Tablet,Debit Card,FALSE,Delivered
U948611,P26880,Electronics,Mobile,Adidas,76006.7,17.74,62520.11,4.5,20,47,S6432,4.3,16-11-2025,2,Hyderabad,Mobile App,UPI,FALSE,In Transit
U961599,P61773,Electronics,Laptop,HP,25361.9,19.91,20311.27,4.3,32,254,S1483,3.1,31-07-2024,5,Hyderabad,Web,Cash on Delivery,FALSE,Delivered
U393448,P68459,Home,Furniture,Nike,4671.74,17.93,3834.11,3.4,5,452,S3435,4.4,27-02-2026,5,Bangalore,Mobile App,Credit Card,FALSE,Delayed
U602300,P17992,Home,Kitchen,Boat,14182.31,14.39,12141.98,4.2,15,44,S5583,3.2,30-04-2024,5,Chennai,Web,Credit Card,FALSE,In Transit
U761393,P81258,Clothing,Kids,Lenovo,2338.05,33.51,1554.46,3.4,36,406,S1319,3.4,31-03-2026,5,Mumbai,Web,Debit Card,FALSE,In Transit
U626797,P52153,Sports,Outdoor,LG,9897.52,44.38,5504.97,3.7,28,198,S5430,2.6,09-07-2025,4,Chennai,Mobile App,UPI,FALSE,In Transit
U161437,P71824,Sports,Fitness,Samsung,14851.47,6.35,13908.26,4.1,1,271,S6856,4.5,17-07-2024,4,Bangalore,Tablet,Credit Card,FALSE,Delivered
U379473,P79951,Electronics,Laptop,Zara,54456.72,26.68,39928.4,3.6,3,417,S1916,3.8,17-07-2024,3,Mumbai,Mobile App,Cash on Delivery,FALSE,In Transit
U433451,P57026,Clothing,Men,Adidas,605.9,15.97,509.12,4.1,227,467,S1462,4.7,19-08-2024,4,Chennai,Tablet,Debit Card,TRUE,Returned
U297377,P74517,Sports,Cycling,Nike,4168.88,43.95,2336.64,3.6,49,277,S6063,4.9,05-12-2025,2,Chennai,Mobile App,Cash on Delivery,FALSE,Delivered
U329437,P12612,Electronics,Mobile,Adidas,62437.18,5.64,58913.53,4.8,19,269,S8831,4.4,23-06-2024,1,Chennai,Mobile App,Debit Card,FALSE,Delayed
U941403,P52413,Clothing,Men,LG,769.74,12.7,671.98,3.4,70,30,S1359,3.5,03-05-2025,1,Mumbai,Mobile App,Credit Card,FALSE,Delivered
U838761,P96787,Sports,Outdoor,Apple,12709.23,26.72,9313.06,4.3,60,202,S2655,3.2,18-02-2026,4,Bangalore,Web,Debit Card,FALSE,In Transit
U930307,P93789,Clothing,Men,H&M,4843.86,43.84,2720.55,3.5,20,491,S8982,2.8,27-06-2025,6,Hyderabad,Tablet,Debit Card,FALSE,Delivered
U334081,P97232,Sports,Cycling,HP,14876.08,37.71,9266.65,3.2,48,301,S3872,4.9,05-02-2026,5,Bangalore,Web,Debit Card,FALSE,Delayed
U836109,P85082,Home,Furniture,Nike,6167.14,33.52,4100.1,3.7,21,200,S1530,4.8,03-12-2025,5,Delhi,Mobile App,Debit Card,FALSE,Delayed
U620287,P28434,Clothing,Kids,HP,1073.16,37.64,669.22,2.8,19,169,S2274,4.3,17-12-2024,2,Delhi,Mobile App,Debit Card,FALSE,In Transit
U568325,P11493,Clothing,Kids,Apple,1031.98,25.27,771.21,3.8,14,135,S4435,3.9,10-08-2025,5,Bangalore,Mobile App,UPI,FALSE,In Transit
U150486,P60585,Home,Furniture,H&M,11428.58,22.49,8857.99,3.7,16,224,S7875,2.7,26-12-2024,3,Delhi,Mobile App,Cash on Delivery,FALSE,In Transit
U206355,P72847,Beauty,Makeup,Lenovo,620.72,45.11,340.72,2.8,13,403,S4695,3.5,22-03-2026,5,Hyderabad,Mobile App,Cash on Delivery,FALSE,Delivered
U373812,P23726,Electronics,Headphones,Samsung,55438.04,9.49,50176.19,5,40,37,S6600,4.5,12-03-2026,5,Bangalore,Mobile App,Cash on Delivery,FALSE,Delivered
U743453,P73273,Electronics,Mobile,LG,36945.33,31.86,25173.64,4.1,2,360,S1507,3,24-01-2025,5,Chennai,Web,Credit Card,FALSE,Delayed
U447177,P36941,Beauty,Skincare,Samsung,2496.76,29.36,1763.67,3.9,8,498,S4112,3.2,13-10-2024,5,Delhi,Web,Debit Card,TRUE,Returned
U152046,P61498,Home,Kitchen,Adidas,6163.94,34.38,4044.61,3.3,23,292,S9043,5,04-08-2024,2,Delhi,Mobile App,UPI,FALSE,In Transit
U963918,P96772,Electronics,Camera,Apple,57532.38,30.63,39908.14,4.1,47,320,S8869,3.5,10-05-2025,4,Bangalore,Mobile App,UPI,FALSE,Delivered
U185916,P72071,Clothing,Men,Zara,2543.83,17.23,2105.61,4,21,432,S2892,3.7,23-04-2024,2,Bangalore,Web,Cash on Delivery,FALSE,In Transit
U773045,P81319,Beauty,Haircare,Sony,2596.65,10.14,2333.45,4,19,198,S4029,4.1,31-03-2024,5,Delhi,Web,Cash on Delivery,FALSE,In Transit
U561101,P70956,Clothing,Women,Samsung,3417.05,48.93,1745.23,5,11,134,S4706,4.7,15-05-2025,5,Bangalore,Web,UPI,FALSE,Delivered
U947438,P80968,Electronics,Mobile,Zara,27302.11,29.44,19265.2,3.7,15,211,S4727,3.2,31-03-2026,5,Bangalore,Tablet,UPI,FALSE,In Transit
U700534,P40886,Sports,Outdoor,Lenovo,2995.25,44.54,1661.03,4.4,23,243,S5896,3.8,28-07-2025,4,Hyderabad,Mobile App,Cash on Delivery,FALSE,Delayed
U281276,P31910,Electronics,Laptop,Apple,28934.26,32.7,19472.95,4,39,497,S4471,4.9,10-10-2025,2,Hyderabad,Mobile App,Credit Card,FALSE,Delivered
U311727,P92211,Beauty,Skincare,Zara,1050.34,6.81,978.78,4,1,75,S5225,4.2,29-01-2026,6,Hyderabad,Web,UPI,FALSE,Delivered
U441968,P46202,Beauty,Haircare,Boat,305.92,8.88,278.77,3.5,46,266,S8506,4,19-01-2025,6,Chennai,Mobile App,Cash on Delivery,FALSE,Delivered
U716493,P86372,Beauty,Skincare,Nike,1108.56,38.85,677.93,3.7,5,388,S2641,3.4,22-05-2024,3,Chennai,Mobile App,UPI,FALSE,In Transit
U501650,P95824,Sports,Outdoor,Boat,11873.88,31.94,8081.92,4.2,18,248,S8750,3.5,26-02-2025,6,Bangalore,Mobile App,Credit Card,TRUE,Returned
U738221,P99235,Home,Kitchen,Nike,1399.4,40.45,833.37,4.2,12,355,S7581,2.7,16-05-2024,3,Chennai,Mobile App,Cash on Delivery,FALSE,In Transit
U381631,P58816,Clothing,Men,H&M,1235.15,13.07,1073.73,4,1,10,S6535,3.2,12-11-2025,3,Hyderabad,Web,Debit Card,FALSE,In Transit
U339030,P27614,Beauty,Haircare,Zara,323.89,28.42,231.84,3.5,14,153,S8259,4.8,23-12-2025,5,Delhi,Web,Debit Card,FALSE,Delayed
U297064,P67896,Beauty,Haircare,Zara,3028.23,25.32,2261.47,4.2,42,108,S7671,3.4,16-12-2025,5,Delhi,Tablet,Cash on Delivery,FALSE,Delayed
U168804,P50779,Home,Furniture,Lenovo,19030.63,29.96,13328.5,4.6,80,363,S9303,3.5,29-11-2024,2,Mumbai,Web,Credit Card,FALSE,Delayed
U973390,P36309,Sports,Fitness,Nike,1100.71,48.55,566.3,4.1,21,428,S1944,2.9,05-05-2025,5,Mumbai,Mobile App,UPI,FALSE,In Transit
U387286,P58280,Electronics,Headphones,H&M,8823.12,16.62,7356.76,3.7,85,421,S8605,4.6,07-03-2026,1,Mumbai,Tablet,Cash on Delivery,FALSE,Delayed
U612530,P87862,Electronics,Mobile,Adidas,29369.21,27.08,21417.46,4.4,85,228,S3909,4.5,02-03-2026,6,Bangalore,Web,Debit Card,TRUE,Returned
U398916,P13597,Home,Furniture,Sony,8070.28,13.16,7008.62,3.6,160,197,S1813,3.8,10-02-2026,5,Delhi,Mobile App,Credit Card,FALSE,Delivered
U783238,P63674,Clothing,Kids,Adidas,1108.48,19.52,892.06,3.5,6,262,S1328,4,12-07-2024,3,Bangalore,Tablet,UPI,FALSE,In Transit
U939767,P11109,Clothing,Kids,Nike,2074.34,28.9,1474.84,3.6,41,114,S5135,4.2,10-07-2025,2,Chennai,Tablet,Debit Card,TRUE,Returned
U581294,P43029,Home,Kitchen,Boat,8835.66,10.87,7874.98,3,10,111,S8646,4,02-02-2025,6,Bangalore,Web,Cash on Delivery,FALSE,Delayed
U688730,P94848,Electronics,Mobile,Lenovo,43528.09,30.71,30160.05,4.3,14,304,S5631,3.7,04-03-2026,3,Bangalore,Web,UPI,FALSE,In Transit
U390334,P44229,Electronics,Headphones,Sony,11856.65,36.38,7543.19,4,58,335,S5895,4.1,23-01-2025,1,Bangalore,Mobile App,Credit Card,FALSE,Delayed
U792616,P51888,Clothing,Men,HP,3252.41,19.88,2605.92,4.1,11,348,S3292,3.9,17-05-2025,2,Hyderabad,Tablet,UPI,FALSE,Delayed
U524252,P60891,Beauty,Makeup,Sony,591.56,12.73,516.24,3.1,22,377,S1578,3.4,22-07-2024,4,Hyderabad,Tablet,Credit Card,TRUE,Returned
U819656,P80075,Home,Decor,H&M,17406.12,16.97,14452.32,4.3,2,326,S8794,3.9,27-12-2025,4,Mumbai,Tablet,Debit Card,FALSE,Delayed
U289934,P48506,Home,Furniture,Zara,18703.07,17.92,15350.55,4.2,15,49,S8713,4.8,19-06-2025,5,Chennai,Mobile App,Debit Card,TRUE,Returned
U786224,P21704,Sports,Fitness,Zara,13720.03,6.81,12785.28,4.9,23,113,S6820,4.9,04-11-2025,4,Bangalore,Mobile App,Debit Card,FALSE,In Transit
U408334,P70786,Home,Kitchen,Sony,6764.33,36.12,4320.75,3.8,30,435,S2929,4.9,03-12-2024,1,Chennai,Web,UPI,FALSE,Delayed
U595158,P35499,Sports,Cycling,HP,2634.79,14.3,2258.12,4.3,4,256,S2963,3.2,18-04-2025,5,Delhi,Tablet,Cash on Delivery,FALSE,Delayed
U244037,P36253,Home,Kitchen,Samsung,18275.8,45.36,9985.02,3.8,29,175,S7704,2.6,10-10-2025,5,Mumbai,Tablet,Cash on Delivery,FALSE,Delivered
U611265,P53598,Home,Decor,Nike,6080.89,32,4135.09,5,8,323,S3897,4.6,25-09-2024,4,Delhi,Web,UPI,FALSE,Delivered
U704272,P30766,Beauty,Makeup,Adidas,4736.12,19.92,3792.55,5,20,250,S2442,3.3,01-04-2025,1,Mumbai,Mobile App,Cash on Delivery,FALSE,Delayed
U501936,P10611,Beauty,Makeup,Boat,2337.97,35.72,1502.86,3.6,40,19,S9745,2.8,02-02-2026,6,Hyderabad,Mobile App,Debit Card,FALSE,Delivered
U809621,P10540,Home,Decor,Adidas,13876.74,12.6,12128.46,4,17,320,S5076,2.7,12-03-2025,2,Delhi,Mobile App,Debit Card,FALSE,In Transit
U717265,P50123,Clothing,Men,Boat,4192.48,44.67,2319.71,3.7,2,85,S2069,4.8,20-05-2025,5,Chennai,Mobile App,Debit Card,FALSE,In Transit
U649577,P54280,Beauty,Haircare,Lenovo,3587.05,11.39,3178.49,3.4,13,222,S3192,4.7,31-05-2024,2,Chennai,Web,Cash on Delivery,FALSE,In Transit
U339513,P39402,Clothing,Men,Boat,4826.37,24.93,3623.28,3.8,27,372,S3149,2.5,21-04-2025,4,Delhi,Mobile App,UPI,FALSE,Delayed
U845652,P95267,Sports,Fitness,Apple,5489.33,28.42,3929.02,4.4,17,405,S1612,2.7,16-06-2025,5,Bangalore,Web,Debit Card,FALSE,Delayed
U794125,P24170,Sports,Fitness,HP,8185.91,26.06,6052.73,4.5,14,334,S1323,4.1,16-12-2025,4,Delhi,Mobile App,UPI,FALSE,In Transit
U365015,P72180,Beauty,Makeup,Apple,3810.15,19.44,3069.52,4.2,17,359,S3508,3,12-08-2025,3,Chennai,Mobile App,UPI,TRUE,Returned
U794663,P78197,Home,Kitchen,Zara,1004.31,38.4,618.62,3.9,15,138,S3247,4.3,11-11-2025,1,Delhi,Web,UPI,FALSE,Delayed
U922880,P23928,Sports,Fitness,Sony,10809.51,15.55,9128.36,4,23,254,S4254,2.6,03-01-2025,5,Delhi,Tablet,Credit Card,FALSE,In Transit
U409698,P31020,Sports,Fitness,LG,5448.04,24.99,4086.67,3.9,154,20,S9980,2.5,16-04-2025,2,Hyderabad,Web,Credit Card,FALSE,Delayed
U113368,P98032,Beauty,Makeup,Adidas,2519.51,38.96,1538.02,3.9,3,45,S2809,4.7,10-01-2025,5,Delhi,Tablet,Cash on Delivery,FALSE,Delivered
U368322,P94454,Electronics,Mobile,H&M,25030.63,9.27,22711.35,3.4,23,118,S8483,3.2,24-06-2024,5,Delhi,Web,Debit Card,FALSE,In Transit
U993647,P48085,Electronics,Mobile,Nike,36304.61,16.56,30294.22,4.1,14,184,S6123,4.2,03-07-2024,1,Delhi,Web,UPI,FALSE,Delivered
U444625,P56861,Electronics,Mobile,Nike,68323.61,5.73,64411.04,4.4,5,457,S8171,2.9,17-06-2025,4,Mumbai,Tablet,Debit Card,FALSE,Delayed
U219361,P62530,Electronics,Headphones,LG,69045.72,36.82,43621.65,4.2,8,204,S8479,3.5,13-10-2025,1,Mumbai,Web,Cash on Delivery,FALSE,Delayed
U218548,P27368,Beauty,Makeup,Zara,1004.32,27.65,726.62,4.1,45,356,S1960,2.8,24-12-2025,3,Mumbai,Mobile App,UPI,FALSE,In Transit
U290065,P90127,Sports,Outdoor,HP,14286.87,14.45,12223.08,4.4,57,194,S6875,2.9,25-01-2026,3,Hyderabad,Tablet,UPI,FALSE,Delayed
U531262,P67761,Clothing,Women,Puma,989.07,30.56,686.86,3.2,32,23,S2037,3.8,12-04-2025,1,Delhi,Web,Debit Card,FALSE,Delivered
U334865,P97797,Sports,Cycling,HP,12394.7,30.28,8641.11,4.2,24,447,S6542,4,19-07-2024,2,Chennai,Tablet,UPI,FALSE,In Transit
U255875,P83183,Clothing,Women,LG,2219.56,27.99,1598.22,4.4,107,456,S1894,4.4,04-03-2025,1,Hyderabad,Mobile App,Credit Card,FALSE,Delayed
U887931,P74441,Beauty,Makeup,Nike,2468.07,28.28,1770.14,3.2,13,164,S4946,4.2,11-05-2024,3,Delhi,Web,Debit Card,TRUE,Returned
U522866,P40801,Electronics,Laptop,Lenovo,28707.6,7.82,26462.57,3.9,9,40,S8521,4.6,15-10-2024,1,Hyderabad,Web,Cash on Delivery,FALSE,Delivered
U621533,P95638,Beauty,Makeup,LG,1845.63,30.67,1279.6,4.6,37,9,S2681,4.7,02-11-2025,4,Delhi,Web,Cash on Delivery,FALSE,Delivered
U930244,P89194,Sports,Cycling,Samsung,13789.09,19.75,11065.37,4.6,10,493,S5990,4.3,26-09-2025,3,Delhi,Tablet,Credit Card,FALSE,Delayed
U956255,P39218,Beauty,Makeup,LG,1433.9,15.21,1215.75,4,23,432,S8445,3.2,27-02-2026,1,Delhi,Web,Cash on Delivery,FALSE,Delayed
U202170,P96364,Home,Decor,Puma,4616.4,18.47,3763.96,2.9,10,113,S1035,4.6,10-11-2025,2,Delhi,Web,Debit Card,FALSE,Delayed
U836201,P23935,Home,Decor,Lenovo,18878.85,41.23,11095.22,3.8,59,23,S3689,2.7,10-12-2025,1,Bangalore,Web,Credit Card,TRUE,Returned
U305438,P34581,Beauty,Skincare,Sony,3172.18,34.78,2069,3.7,15,61,S7437,4.4,04-01-2026,6,Chennai,Mobile App,Cash on Delivery,FALSE,Delivered
U764000,P98098,Home,Furniture,Boat,19378.15,24.22,14684.81,4.5,18,301,S3018,4,02-02-2026,3,Delhi,Web,Cash on Delivery,FALSE,Delayed
U104548,P79515,Sports,Cycling,Nike,1279.84,5.99,1203.13,3.1,6,376,S1795,3.9,15-07-2025,1,Hyderabad,Tablet,Cash on Delivery,FALSE,Delayed
U282085,P26827,Beauty,Haircare,Nike,3710,48.89,1896.05,2.9,47,53,S7347,3.7,10-02-2026,5,Chennai,Tablet,Debit Card,FALSE,Delayed
U386886,P62149,Beauty,Makeup,HP,3147.84,13.63,2718.85,4.9,81,493,S6617,2.7,06-07-2025,3,Mumbai,Web,Cash on Delivery,FALSE,Delivered
U413433,P81802,Clothing,Women,HP,4313.96,52.4,2053.61,4.9,35,440,S6143,3.8,25-09-2025,5,Chennai,Tablet,Credit Card,FALSE,Delivered
U819964,P55258,Clothing,Kids,H&M,4264.39,28.38,3054.32,4.3,6,471,S3173,3.1,24-11-2024,6,Bangalore,Tablet,Credit Card,FALSE,Delayed
U844858,P25126,Sports,Cycling,Zara,8220.83,30.4,5721.8,3.3,28,389,S6771,4.7,08-09-2025,2,Bangalore,Tablet,Cash on Delivery,FALSE,Delayed
U806995,P79979,Sports,Cycling,H&M,3164.88,19.78,2538.95,3.6,19,146,S7920,3.8,15-10-2024,4,Hyderabad,Mobile App,UPI,FALSE,Delivered
U309612,P44993,Beauty,Skincare,Samsung,4064.84,8.82,3706.18,4.8,9,384,S3636,4.5,01-04-2024,5,Delhi,Web,Debit Card,FALSE,Delivered
U133875,P57013,Electronics,Headphones,Adidas,15263.39,30.36,10628.76,4,23,416,S8415,4.8,17-01-2025,6,Chennai,Mobile App,Credit Card,FALSE,Delayed
U922405,P47701,Sports,Outdoor,Adidas,1738.34,48.76,890.71,5,29,354,S1769,3.7,21-10-2025,6,Chennai,Web,Cash on Delivery,FALSE,In Transit
U879794,P42943,Home,Decor,Samsung,9679.54,16.49,8083.3,3.7,61,103,S8259,2.8,06-02-2025,1,Delhi,Mobile App,Debit Card,FALSE,Delayed
U913848,P35362,Sports,Cycling,HP,1154.69,24.71,869.42,3.6,40,150,S8353,4,19-02-2025,1,Mumbai,Mobile App,UPI,FALSE,Delivered
U495521,P15326,Clothing,Kids,Lenovo,2057.89,63.09,759.6,3.6,4,219,S5572,4.9,11-04-2024,1,Delhi,Tablet,Debit Card,FALSE,Delivered
U446620,P71122,Clothing,Kids,Sony,3203.56,37.34,2007.38,4.6,17,363,S3536,2.7,23-07-2024,5,Delhi,Mobile App,Credit Card,FALSE,In Transit
U984096,P96755,Sports,Fitness,Zara,2886.69,7.87,2659.38,3.3,10,154,S9037,4.4,08-11-2024,3,Chennai,Tablet,Debit Card,FALSE,Delivered
U645895,P18936,Home,Decor,Adidas,11123.71,5.47,10514.71,4.4,14,402,S9276,4,02-04-2025,3,Mumbai,Mobile App,Cash on Delivery,FALSE,Delayed
U331942,P37964,Sports,Outdoor,Apple,13539.11,33.06,9063.39,3.7,9,339,S6437,4.2,10-07-2024,2,Bangalore,Web,Debit Card,FALSE,In Transit
U688602,P95105,Clothing,Kids,Lenovo,1841.03,22.54,1426.02,4,23,4,S2879,3.1,15-03-2026,5,Hyderabad,Tablet,Debit Card,FALSE,In Transit
U355671,P15226,Clothing,Kids,HP,4312.71,69.15,1330.55,4,31,349,S6258,3.6,23-04-2025,2,Chennai,Web,UPI,TRUE,Returned
U125905,P77746,Beauty,Makeup,Lenovo,2784.14,22.46,2158.86,3.7,23,420,S7143,3.6,28-02-2025,6,Bangalore,Tablet,Cash on Delivery,TRUE,Returned
U435872,P77357,Beauty,Skincare,Sony,2257.49,14.68,1926.05,4.2,24,42,S2572,4.5,09-03-2025,2,Mumbai,Mobile App,UPI,FALSE,Delayed
U818699,P65601,Electronics,Laptop,Zara,60390.95,39.4,36595.02,5,48,427,S2702,3.1,13-06-2025,1,Mumbai,Mobile App,Cash on Delivery,FALSE,Delayed
U851690,P53478,Electronics,Laptop,Samsung,52165.47,27.88,37624.07,4.6,4,19,S2433,3.6,29-08-2024,5,Hyderabad,Mobile App,UPI,FALSE,Delivered
U961530,P39837,Home,Decor,Apple,2110.7,12.56,1845.58,3.2,3,466,S5237,3.9,05-08-2025,3,Chennai,Web,Cash on Delivery,FALSE,In Transit
U508422,P98250,Beauty,Makeup,LG,4019.17,17.7,3307.61,3.1,34,60,S9762,4.2,19-10-2025,1,Delhi,Mobile App,UPI,FALSE,Delayed
U475075,P75907,Sports,Fitness,H&M,7778.21,45.95,4204.37,4.2,103,54,S5748,3.6,28-09-2025,4,Delhi,Tablet,Debit Card,FALSE,Delayed
U514306,P96602,Electronics,Headphones,Puma,40633.13,35.2,26328.81,3.8,19,15,S8765,4.7,18-04-2024,5,Hyderabad,Mobile App,Credit Card,FALSE,Delivered
U412534,P98773,Beauty,Haircare,Sony,462.13,28.07,332.42,3.7,3,454,S7113,4,28-10-2024,4,Mumbai,Mobile App,Credit Card,FALSE,Delivered
U513224,P80405,Electronics,Mobile,HP,18175.41,5.33,17205.93,3.9,10,280,S2394,5,06-06-2025,2,Chennai,Web,Credit Card,FALSE,Delayed
U249375,P31096,Home,Furniture,Boat,17931.66,49.27,9097.27,3.5,53,94,S4617,2.7,12-09-2024,5,Chennai,Tablet,Debit Card,FALSE,Delivered
U993650,P17128,Electronics,Laptop,Zara,8529.38,21,6738.46,4.1,3,435,S9992,4.7,02-06-2025,5,Chennai,Web,UPI,FALSE,In Transit
U860835,P86099,Electronics,Headphones,Apple,37462.99,36.29,23868.54,4.7,4,249,S6420,3.6,11-10-2024,5,Mumbai,Web,Credit Card,FALSE,Delayed
U173199,P35362,Clothing,Men,Sony,4814.92,26.74,3527.39,3.9,10,162,S8960,4.3,03-12-2025,1,Chennai,Web,Debit Card,FALSE,Delayed
U693024,P84299,Home,Decor,HP,2412.36,26.25,1779.11,3.4,93,186,S6182,4.8,05-05-2025,4,Mumbai,Web,Credit Card,FALSE,Delivered
U390119,P57118,Home,Furniture,Adidas,19019.02,48.23,9845.47,3.8,20,68,S6432,4.2,14-04-2025,2,Hyderabad,Web,Cash on Delivery,FALSE,In Transit
U214119,P33038,Home,Kitchen,Puma,6462.71,23.25,4959.87,3.9,65,330,S2343,3.9,03-08-2024,5,Chennai,Web,Credit Card,FALSE,Delayed
U862760,P19882,Clothing,Women,H&M,2818.25,56.33,1230.75,3.6,6,456,S1305,2.6,18-12-2024,3,Delhi,Tablet,UPI,FALSE,Delayed
U138436,P82298,Sports,Outdoor,HP,10729.61,13.44,9287.8,3.5,43,133,S9904,4.1,20-05-2025,2,Mumbai,Tablet,Cash on Delivery,TRUE,Returned
U909652,P87280,Clothing,Women,Boat,2504.83,18.37,2044.77,4.4,24,375,S5767,4.1,19-09-2024,5,Mumbai,Mobile App,Cash on Delivery,FALSE,Delayed
U626560,P11388,Sports,Fitness,Boat,10913.44,10.6,9756.73,4.5,178,339,S4913,4.7,11-08-2025,6,Bangalore,Tablet,Credit Card,FALSE,Delayed
U693868,P84162,Clothing,Women,Nike,2495.48,26.41,1836.46,3.8,11,337,S3395,2.6,10-12-2025,1,Mumbai,Tablet,Cash on Delivery,FALSE,In Transit
U165914,P44649,Electronics,Laptop,Puma,76139.02,32.28,51563.03,5,28,189,S4834,4.2,12-06-2025,1,Mumbai,Mobile App,Credit Card,FALSE,Delayed
U148693,P15230,Home,Kitchen,Puma,2682.99,31.83,1829.09,3.4,39,332,S6309,4.5,22-08-2024,4,Hyderabad,Mobile App,Debit Card,FALSE,Delayed
U282294,P59369,Home,Decor,Lenovo,18818.69,8.1,17294.05,3.2,18,334,S7201,2.8,09-05-2024,5,Chennai,Web,UPI,FALSE,Delayed
U525556,P56255,Home,Kitchen,Adidas,5057.31,14.79,4309.57,3.2,4,418,S6653,3.5,17-10-2025,4,Chennai,Web,Cash on Delivery,FALSE,Delayed
U341162,P20104,Electronics,Laptop,Puma,38329.67,20.13,30614.64,4.3,13,263,S5600,4.2,19-03-2025,4,Mumbai,Mobile App,Credit Card,FALSE,Delivered
U793223,P40191,Clothing,Women,HP,774.07,29.76,543.69,4.3,42,212,S6410,3.2,21-03-2025,2,Delhi,Tablet,UPI,FALSE,In Transit
U269078,P94837,Beauty,Makeup,Adidas,4939.37,34.8,3220.26,4.2,24,426,S7732,3.6,22-09-2024,1,Chennai,Mobile App,Credit Card,FALSE,Delivered
U241268,P92515,Clothing,Kids,HP,509.34,20.45,405.18,4.7,29,262,S1642,3.1,18-03-2025,2,Mumbai,Tablet,Credit Card,TRUE,Returned
U641737,P63143,Electronics,Laptop,Sony,41900.13,14.03,36019.96,3.7,18,306,S1305,2.9,21-12-2025,1,Mumbai,Tablet,Debit Card,FALSE,Delivered
U605065,P32356,Clothing,Women,HP,3294.98,36.32,2098.28,3.8,11,112,S7730,3.6,13-12-2024,1,Hyderabad,Tablet,Credit Card,FALSE,Delayed
U377370,P31983,Clothing,Kids,Zara,654.7,27.56,474.27,3.3,22,370,S6614,2.9,27-10-2024,4,Chennai,Web,UPI,FALSE,Delivered
U117367,P36522,Beauty,Makeup,Nike,2735.31,9.8,2467.19,4.3,28,267,S9263,4.1,08-12-2024,4,Delhi,Tablet,Cash on Delivery,FALSE,Delivered
U744610,P88618,Sports,Fitness,Nike,13541.48,11.01,12050.69,4.5,13,19,S9706,4.3,12-06-2024,5,Hyderabad,Tablet,UPI,FALSE,Delivered
U665482,P10157,Beauty,Haircare,Nike,3267.72,49.9,1637.28,3.4,7,459,S8069,5,13-10-2024,4,Chennai,Tablet,Cash on Delivery,FALSE,In Transit
U927909,P59969,Electronics,Camera,Adidas,10622,8.21,9749.7,4.3,28,179,S2600,3.1,10-12-2024,3,Hyderabad,Web,Credit Card,FALSE,In Transit
U727354,P81267,Beauty,Skincare,Apple,1220.79,7.89,1124.46,4.4,28,209,S5223,3.7,22-09-2024,1,Bangalore,Mobile App,UPI,FALSE,Delayed
U493247,P95792,Electronics,Mobile,Lenovo,74641.66,39.04,45501.64,4.4,2,105,S6175,4.4,10-11-2025,5,Delhi,Web,Debit Card,FALSE,Delivered
U365953,P44249,Clothing,Women,Zara,1881.19,16.15,1577.34,3.8,29,437,S9783,4.6,21-02-2025,2,Chennai,Web,Debit Card,FALSE,Delayed
U533301,P82365,Home,Decor,Boat,16937.95,29.78,11894.56,3.9,65,401,S8904,4,20-10-2025,1,Mumbai,Mobile App,Debit Card,FALSE,Delayed
U705711,P55135,Sports,Outdoor,Sony,3246.93,23.05,2498.46,3.8,35,396,S7522,2.6,17-03-2025,5,Bangalore,Tablet,Credit Card,TRUE,Returned
U205149,P38109,Electronics,Laptop,Puma,47957.77,14.6,40957.16,4.9,127,260,S7562,3,28-05-2025,4,Mumbai,Web,UPI,FALSE,Delivered
U963245,P29048,Beauty,Haircare,Samsung,3445.74,48.32,1780.66,3.3,32,241,S8133,4,07-06-2025,5,Delhi,Mobile App,UPI,FALSE,In Transit
U139589,P60374,Clothing,Women,Apple,3996.02,50.37,1983.23,4.2,20,476,S7564,3.3,03-01-2026,4,Chennai,Tablet,Debit Card,FALSE,Delayed
U560295,P11403,Sports,Fitness,Nike,10827.19,12.92,9428.85,3.9,4,103,S9489,2.5,25-04-2024,2,Hyderabad,Web,Credit Card,FALSE,Delivered
U745073,P32214,Sports,Cycling,Lenovo,11428.94,16.4,9554.36,4,50,345,S1590,4.4,24-03-2025,1,Mumbai,Web,Credit Card,FALSE,Delayed
U917546,P62354,Electronics,Laptop,Apple,28209.69,15.32,23888.36,4.5,2,180,S7474,3.1,11-07-2024,3,Bangalore,Web,Credit Card,FALSE,Delayed
U398313,P83284,Electronics,Mobile,Apple,70905.99,12.81,61824.34,5,32,468,S6703,3.7,10-08-2024,4,Chennai,Web,Debit Card,FALSE,Delivered
U702833,P10609,Sports,Fitness,Puma,7964.37,28.1,5726.64,3.8,7,133,S3867,4.6,17-02-2025,3,Hyderabad,Web,UPI,FALSE,Delayed
U941945,P77277,Electronics,Headphones,LG,45873.67,17.81,37705.19,3.9,10,489,S5222,3.2,25-12-2024,3,Delhi,Tablet,Debit Card,FALSE,Delayed
U907369,P41886,Beauty,Makeup,HP,2933.59,49.62,1477.85,4.1,8,387,S6565,4.2,13-09-2025,6,Hyderabad,Web,Cash on Delivery,FALSE,Delayed
U170835,P60157,Electronics,Camera,Apple,21970.8,35,14281.37,3.9,74,324,S4610,3.6,16-12-2024,5,Bangalore,Tablet,Credit Card,FALSE,In Transit
U110195,P44517,Beauty,Makeup,Lenovo,4715.6,44.36,2623.6,3.4,47,127,S5706,3.2,30-03-2025,4,Chennai,Mobile App,Cash on Delivery,FALSE,Delayed
U599704,P51139,Home,Furniture,Lenovo,7640.93,35.63,4918.83,3.7,3,181,S4580,3.1,05-07-2024,1,Mumbai,Tablet,Debit Card,FALSE,Delivered
U346269,P41726,Clothing,Women,H&M,2323.39,64.57,823.09,4.2,11,446,S5348,2.7,05-12-2024,1,Mumbai,Mobile App,Credit Card,FALSE,Delivered
U916776,P23983,Clothing,Kids,LG,3554.99,47.81,1855.33,3.9,17,61,S2285,3.2,30-03-2026,2,Mumbai,Tablet,Cash on Delivery,FALSE,Delayed
U750817,P51342,Electronics,Mobile,Puma,66196.68,27.04,48297.81,3.9,14,252,S5501,2.6,27-07-2025,4,Bangalore,Web,Credit Card,FALSE,Delayed
U234475,P17097,Home,Kitchen,Adidas,13501.04,15.97,11345.35,3.9,2,269,S7933,4.3,25-08-2024,2,Chennai,Web,UPI,FALSE,Delayed
U579404,P25776,Home,Kitchen,Zara,13108.74,29.07,9298.56,3.9,23,357,S9490,3.4,14-04-2025,5,Mumbai,Web,Debit Card,FALSE,Delayed
U497859,P86153,Electronics,Mobile,Zara,34272.17,36.86,21640.28,4.3,7,51,S6331,4.7,15-07-2025,3,Mumbai,Web,Debit Card,TRUE,Returned
U382495,P71780,Clothing,Kids,Sony,1451.78,19.75,1165.04,3.7,56,490,S6621,2.5,22-09-2025,2,Mumbai,Web,Credit Card,TRUE,Returned
U834750,P58799,Beauty,Makeup,Adidas,235.82,37.31,147.83,4.6,13,186,S7563,3.4,11-09-2025,2,Hyderabad,Web,Cash on Delivery,FALSE,Delivered
U953740,P23090,Sports,Fitness,HP,11214.49,6.31,10506.56,3.6,21,369,S5422,4.1,31-05-2024,1,Mumbai,Mobile App,Cash on Delivery,FALSE,In Transit
U595962,P11276,Clothing,Men,H&M,4980.4,65.01,1742.87,3.7,80,90,S7906,3.7,04-10-2025,1,Mumbai,Web,Credit Card,FALSE,Delayed
U923481,P73782,Sports,Cycling,H&M,5363.4,47.85,2796.91,5,35,153,S5111,3.6,14-08-2025,6,Bangalore,Tablet,UPI,FALSE,In Transit
U953350,P43330,Electronics,Laptop,Samsung,16207.72,6.78,15109.15,4.5,18,243,S2577,3.5,25-01-2026,1,Mumbai,Web,Debit Card,FALSE,In Transit
U949363,P43779,Home,Kitchen,Lenovo,19706.94,31.36,13526.57,4.2,6,176,S1324,3.7,06-11-2024,3,Chennai,Web,UPI,FALSE,In Transit
U781433,P95082,Sports,Fitness,HP,7882.79,6.11,7401.14,3.2,12,275,S3859,4.2,23-06-2024,6,Chennai,Web,Debit Card,FALSE,In Transit
U182216,P59947,Sports,Outdoor,H&M,3897.71,5.88,3668.36,3.2,5,314,S5694,4.6,04-12-2024,2,Hyderabad,Web,Credit Card,FALSE,Delivered
U699405,P63054,Home,Kitchen,Zara,16011.58,33.01,10725.42,3.5,4,434,S2168,3.5,09-07-2025,5,Chennai,Mobile App,Credit Card,FALSE,In Transit
U844943,P45058,Clothing,Women,LG,2329.08,64.47,827.62,4.1,34,309,S7479,4.6,03-01-2025,6,Bangalore,Web,Cash on Delivery,FALSE,In Transit
U275445,P34102,Sports,Cycling,Puma,8294.93,30.91,5730.91,4.2,22,437,S1378,2.5,04-04-2024,5,Hyderabad,Mobile App,Credit Card,FALSE,Delayed
U320800,P31877,Home,Decor,H&M,10480.39,27.64,7583.09,3.9,98,203,S2687,3.8,03-02-2025,1,Delhi,Mobile App,UPI,FALSE,In Transit
U649435,P20911,Sports,Fitness,Samsung,9824.38,39.31,5962.02,3.1,35,53,S5300,4.5,18-01-2026,1,Hyderabad,Tablet,Credit Card,FALSE,Delivered
U873422,P47247,Beauty,Makeup,Adidas,3816.68,29.61,2686.52,3.4,22,226,S3071,2.5,01-11-2024,3,Mumbai,Mobile App,Credit Card,FALSE,Delivered
U589887,P80855,Electronics,Headphones,LG,77232.06,8.57,70616.2,4.6,17,478,S5463,4.5,16-06-2024,4,Hyderabad,Tablet,Cash on Delivery,FALSE,Delivered
U578720,P92712,Sports,Fitness,HP,13168.33,10.71,11758.52,4.1,55,383,S8126,3.6,10-12-2024,4,Chennai,Tablet,Debit Card,FALSE,In Transit
U563324,P50352,Beauty,Haircare,Adidas,2990.34,13.63,2582.9,2.7,13,187,S7753,3.5,09-05-2024,1,Delhi,Web,Credit Card,FALSE,In Transit
U460589,P47586,Electronics,Mobile,Lenovo,68615.23,34.12,45205.12,3.6,7,240,S9767,4.8,23-01-2025,4,Mumbai,Mobile App,Cash on Delivery,FALSE,In Transit
U726003,P40305,Home,Furniture,Boat,11027.48,39.79,6639.36,4,14,407,S1118,3.3,30-05-2024,5,Bangalore,Tablet,Debit Card,FALSE,Delivered
U362035,P31400,Beauty,Haircare,Boat,2848.22,25.13,2132.5,3.8,29,366,S7385,3.7,17-08-2025,1,Hyderabad,Web,Credit Card,FALSE,In Transit
U641704,P90375,Electronics,Camera,Zara,25696.16,22.12,20010.94,4.6,7,413,S5454,4.4,06-01-2026,4,Mumbai,Web,Debit Card,FALSE,In Transit
U403662,P24464,Clothing,Men,Nike,4336.44,53.36,2022.47,4.2,15,326,S8460,3.8,26-06-2025,1,Mumbai,Tablet,Cash on Delivery,FALSE,In Transit
U120337,P29942,Sports,Outdoor,Adidas,11154.01,19.47,8982.44,3.9,47,25,S9764,3.2,17-01-2025,3,Bangalore,Mobile App,Credit Card,FALSE,Delivered
U862427,P11075,Home,Kitchen,Nike,3159.27,41.1,1860.74,3.9,89,119,S2477,3.2,28-08-2024,3,Hyderabad,Mobile App,UPI,FALSE,In Transit
U923892,P75325,Clothing,Women,Boat,3903.4,16.14,3273.39,4.2,17,190,S8597,3.7,11-02-2025,3,Bangalore,Tablet,UPI,FALSE,In Transit
U913331,P61435,Electronics,Laptop,Samsung,32124.96,22.93,24758.99,5,15,36,S9899,4.2,24-02-2025,3,Bangalore,Web,Credit Card,FALSE,Delivered
U905459,P42631,Home,Kitchen,Samsung,10601.72,38.55,6514.41,4.3,19,197,S8257,4.7,04-01-2026,1,Delhi,Mobile App,UPI,FALSE,Delivered
U798359,P37321,Beauty,Haircare,Apple,2919.29,18.62,2375.78,2.9,14,242,S7375,3.8,06-06-2025,1,Chennai,Tablet,Debit Card,FALSE,In Transit
U880900,P82034,Clothing,Kids,H&M,3027.18,45.61,1646.49,3.7,15,266,S3001,3.1,30-10-2024,3,Delhi,Web,Cash on Delivery,FALSE,Delayed
U799080,P38545,Home,Furniture,LG,2706.62,9.54,2448.34,3.9,53,498,S2850,4.9,23-08-2024,1,Delhi,Mobile App,Cash on Delivery,TRUE,Returned
U713099,P25682,Home,Furniture,Nike,8642.95,10.55,7731.18,3,6,202,S4982,3.2,08-06-2024,5,Bangalore,Mobile App,UPI,FALSE,Delayed
U489439,P21728,Beauty,Haircare,HP,3946.75,23.29,3027.6,3.6,66,127,S3583,4.9,21-06-2024,5,Mumbai,Web,UPI,FALSE,Delayed
U162678,P56598,Sports,Outdoor,Zara,557.42,27.55,403.84,4,18,330,S3521,4.1,01-11-2024,2,Delhi,Tablet,UPI,FALSE,Delivered
U926867,P94495,Beauty,Skincare,LG,655.28,38.32,404.16,4.1,82,387,S6690,4.3,22-07-2024,5,Chennai,Web,Credit Card,FALSE,Delivered
U362874,P15175,Beauty,Makeup,H&M,1819.89,23.01,1401.05,4.9,49,248,S8168,5,04-10-2024,4,Mumbai,Tablet,Debit Card,FALSE,Delayed
U670027,P55569,Beauty,Skincare,HP,1114.77,45.64,606.03,4.2,15,165,S8674,4.8,20-09-2025,2,Mumbai,Web,Credit Card,FALSE,Delivered
U959222,P44517,Sports,Fitness,Puma,4207.16,21.41,3306.6,3.6,31,277,S7014,4.4,30-01-2026,5,Bangalore,Web,UPI,FALSE,Delayed
U119629,P91229,Sports,Outdoor,H&M,6765.69,48.5,3484.56,3.3,17,438,S6965,4.3,11-08-2025,2,Mumbai,Tablet,Credit Card,FALSE,In Transit
U816412,P75214,Electronics,Camera,Adidas,79446.92,18.01,65138.18,4.6,16,392,S3525,3.6,14-07-2025,6,Chennai,Tablet,Debit Card,FALSE,In Transit
U200932,P78576,Beauty,Haircare,LG,4082.24,28.59,2915.07,3.2,48,337,S2092,3,19-10-2024,1,Delhi,Mobile App,Credit Card,FALSE,Delivered
U300924,P22943,Electronics,Laptop,Apple,47146.11,17.6,38848.52,4.2,9,16,S7366,3.3,07-01-2025,2,Hyderabad,Tablet,Cash on Delivery,FALSE,Delayed
U151470,P58018,Sports,Cycling,HP,6102.34,17.03,5063.32,3.4,17,113,S2161,3.7,13-11-2025,1,Bangalore,Mobile App,Credit Card,FALSE,Delayed
U478458,P83140,Beauty,Skincare,Puma,3324.66,23.8,2533.49,3.7,14,380,S7814,3.2,13-02-2026,2,Delhi,Web,UPI,FALSE,Delayed
U974991,P49833,Home,Decor,Samsung,1192.17,25.11,892.87,4.1,18,39,S4537,4.2,19-08-2025,1,Delhi,Tablet,UPI,FALSE,Delivered
U302500,P78969,Clothing,Kids,Boat,2595.77,44.93,1429.52,3.3,12,336,S5075,4.2,25-11-2025,1,Mumbai,Tablet,Credit Card,FALSE,Delayed
U903506,P93705,Sports,Outdoor,H&M,1071.55,38.36,660.52,3.9,49,295,S6864,4.1,28-04-2024,3,Delhi,Tablet,Cash on Delivery,FALSE,Delayed
U676680,P62632,Beauty,Skincare,Nike,4960.79,42.49,2852.77,4.8,7,258,S6529,4.2,05-03-2026,3,Mumbai,Tablet,Credit Card,FALSE,Delayed
U676802,P52553,Sports,Outdoor,LG,6888.75,43.56,3887.82,4.2,28,432,S7090,4.9,14-04-2024,5,Bangalore,Web,Cash on Delivery,FALSE,Delayed
U672130,P38039,Home,Decor,Adidas,1448.25,38.66,888.29,3.5,10,192,S5162,3.3,05-09-2024,1,Chennai,Web,Cash on Delivery,FALSE,In Transit
U398301,P88087,Beauty,Skincare,H&M,4027.22,44.93,2217.59,3.6,8,8,S9480,4.3,02-01-2026,5,Delhi,Mobile App,Debit Card,FALSE,Delivered
U122755,P46170,Home,Furniture,Adidas,10365.03,16.35,8670.71,3.5,19,470,S9376,3.9,31-03-2025,6,Bangalore,Tablet,Credit Card,FALSE,Delivered
U245131,P44732,Electronics,Camera,LG,13605.65,30.3,9483.22,4,13,187,S5093,4.1,22-12-2024,1,Mumbai,Mobile App,Debit Card,FALSE,In Transit
U869933,P20118,Electronics,Camera,HP,37324.09,6.15,35028.66,5,19,370,S6319,3.5,22-05-2025,5,Mumbai,Web,Credit Card,FALSE,In Transit
U139186,P85534,Sports,Fitness,HP,14257.46,17.06,11824.83,3.6,21,195,S2285,4.3,11-02-2025,3,Bangalore,Mobile App,Debit Card,FALSE,In Transit
U883997,P95561,Beauty,Makeup,Apple,2825.9,38.92,1726.07,4.2,184,434,S1187,4,07-11-2025,3,Mumbai,Tablet,Cash on Delivery,FALSE,Delivered
U666157,P84044,Home,Decor,Samsung,1190.89,47.77,621.97,3.2,3,76,S6354,2.7,18-10-2025,1,Bangalore,Tablet,Credit Card,FALSE,Delivered
U703198,P76155,Electronics,Camera,Puma,57948.89,19.4,46708.8,4.4,6,46,S4638,2.7,10-02-2025,5,Chennai,Web,Debit Card,FALSE,In Transit
U598969,P84899,Clothing,Men,LG,544.86,64.91,191.2,4,46,381,S1807,4.5,19-01-2026,1,Delhi,Tablet,Cash on Delivery,FALSE,In Transit
U911414,P27088,Electronics,Camera,Lenovo,43135.93,10.45,38628.55,3.9,10,390,S3209,4.2,29-04-2024,2,Hyderabad,Web,Credit Card,FALSE,In Transit
U688426,P90739,Beauty,Haircare,HP,584.09,43.63,329.27,3.6,14,376,S9589,2.7,13-11-2024,5,Mumbai,Mobile App,Credit Card,TRUE,Returned
U817999,P85499,Electronics,Headphones,Boat,23776.9,11.6,21019.38,4,3,45,S2843,4.2,20-02-2026,1,Bangalore,Tablet,Cash on Delivery,FALSE,In Transit
U461260,P87840,Home,Kitchen,Adidas,15255.16,18.26,12470,4.2,3,335,S1396,4.9,02-06-2025,6,Bangalore,Web,Credit Card,FALSE,In Transit
U561859,P15882,Sports,Outdoor,HP,2745.2,21.03,2167.92,4.1,121,473,S4825,4.4,18-01-2026,4,Mumbai,Mobile App,Debit Card,FALSE,Delivered
U354854,P91396,Electronics,Mobile,H&M,46232.34,33.9,30561.37,4.2,11,474,S3419,4.9,04-03-2026,2,Delhi,Web,UPI,FALSE,In Transit
U123853,P53499,Electronics,Headphones,Puma,60467.24,6.72,56403.72,4.7,11,107,S9814,3.5,14-12-2024,6,Hyderabad,Mobile App,Credit Card,FALSE,Delayed
U753306,P28526,Sports,Outdoor,Lenovo,4153.97,46.43,2225.11,4.3,229,355,S1301,3,16-11-2024,1,Hyderabad,Web,UPI,FALSE,In Transit
U927524,P90997,Clothing,Men,Sony,2636.25,56.92,1135.8,3.5,23,138,S1869,4.3,26-11-2024,1,Mumbai,Web,UPI,FALSE,Delivered
U213132,P12500,Beauty,Haircare,Sony,3682.25,23.29,2824.78,5,6,149,S7332,3.2,19-12-2024,4,Bangalore,Mobile App,Cash on Delivery,FALSE,Delayed
U657381,P21537,Electronics,Headphones,Puma,10333.3,24.23,7829.91,3.9,9,95,S4258,3.6,23-04-2024,5,Chennai,Tablet,Cash on Delivery,TRUE,Returned
U359409,P79391,Sports,Cycling,Samsung,4381.19,23.48,3352.62,4.3,30,156,S6465,3.5,11-01-2025,1,Delhi,Web,Cash on Delivery,FALSE,Delayed
U472640,P91950,Clothing,Men,LG,3135.03,53.76,1449.48,2.8,46,154,S4869,4.4,05-09-2025,3,Bangalore,Tablet,Debit Card,FALSE,Delivered
U393804,P39567,Home,Kitchen,Samsung,7308.01,10.86,6514.05,4.4,11,77,S6599,4.6,12-01-2025,5,Chennai,Web,Credit Card,TRUE,Returned
U755910,P99983,Electronics,Camera,Lenovo,47849.98,14.14,41085.91,4.5,33,116,S7837,4.2,12-10-2024,3,Chennai,Mobile App,Credit Card,FALSE,In Transit
U668573,P27271,Home,Decor,LG,7682.49,40.56,4566.79,4.2,6,105,S3270,3.7,22-08-2024,6,Hyderabad,Tablet,Credit Card,FALSE,Delivered
U241822,P66369,Home,Decor,H&M,12590.82,6.12,11820.43,4.5,15,465,S3378,3.9,25-03-2026,1,Chennai,Tablet,Credit Card,FALSE,In Transit
U980303,P29073,Electronics,Mobile,Nike,54609.97,33.83,36134.84,4.2,59,372,S1483,3.1,19-06-2025,3,Bangalore,Web,Cash on Delivery,FALSE,In Transit
U259338,P34632,Home,Kitchen,H&M,17849.98,6.58,16675.08,4.7,28,54,S3155,4.6,29-01-2025,5,Bangalore,Mobile App,UPI,FALSE,Delayed
U742108,P40266,Sports,Outdoor,HP,2747.63,34.9,1788.7,3.4,35,305,S4804,4.8,17-11-2024,5,Chennai,Mobile App,UPI,FALSE,In Transit
U987240,P89260,Electronics,Camera,Nike,17831.45,39.81,10732.79,3.7,24,240,S7126,3.2,20-09-2024,3,Chennai,Mobile App,Cash on Delivery,FALSE,In Transit
U337264,P14224,Beauty,Skincare,Nike,206.86,42.66,118.62,3.3,7,209,S1245,2.7,09-09-2024,2,Mumbai,Web,Cash on Delivery,FALSE,Delivered
U560623,P90879,Clothing,Men,Apple,2948.13,25.86,2185.8,3.9,3,250,S6323,2.9,02-11-2025,3,Mumbai,Web,Credit Card,FALSE,In Transit
U855185,P51012,Beauty,Skincare,HP,2376.4,7.46,2199.04,3.7,2,201,S9784,3.2,30-03-2025,1,Hyderabad,Tablet,UPI,FALSE,Delayed
U357657,P77987,Electronics,Camera,Puma,35002.22,19.36,28225.7,3.7,13,275,S7481,3.7,02-04-2025,4,Delhi,Tablet,UPI,FALSE,Delayed
U299072,P48165,Beauty,Haircare,Zara,670.61,7.57,619.85,3.7,14,225,S7521,4.5,23-08-2025,2,Delhi,Web,Debit Card,FALSE,In Transit
U157196,P77760,Clothing,Women,Sony,4810.6,15.99,4041.59,3.9,13,462,S3330,2.6,22-03-2026,1,Chennai,Web,Cash on Delivery,FALSE,Delivered
U829928,P81618,Sports,Fitness,Nike,12102.21,46.95,6420.73,4.3,45,69,S7440,3,18-06-2024,2,Chennai,Web,Debit Card,FALSE,In Transit
U847251,P36467,Electronics,Laptop,Puma,21015.31,22.9,16202.09,3.8,7,451,S8449,3.2,30-11-2025,3,Chennai,Mobile App,Debit Card,FALSE,In Transit
U195620,P24963,Clothing,Kids,H&M,3161.08,29.86,2217.2,3.6,48,361,S8362,2.7,29-07-2025,4,Delhi,Tablet,Debit Card,FALSE,Delivered
U741804,P30958,Sports,Cycling,Boat,781.32,19.72,627.28,3.1,44,193,S7235,2.7,31-12-2024,3,Chennai,Mobile App,Credit Card,FALSE,In Transit
U251631,P33444,Sports,Cycling,Nike,4898.78,22.68,3787.85,4,5,393,S1840,3.6,22-03-2025,3,Mumbai,Web,Debit Card,FALSE,In Transit
U223264,P27245,Beauty,Makeup,Zara,1567.58,13.13,1361.78,4.8,17,491,S4323,3,11-04-2024,4,Mumbai,Mobile App,Debit Card,FALSE,Delivered
U946677,P10753,Beauty,Makeup,Puma,4672.31,21.12,3685.52,3.9,6,311,S9084,3.7,31-03-2024,5,Chennai,Mobile App,Credit Card,FALSE,Delayed
U183262,P88802,Beauty,Makeup,Boat,735.85,41.07,433.64,2.9,320,307,S1107,2.6,21-04-2024,5,Hyderabad,Mobile App,Debit Card,TRUE,Returned
U151295,P34227,Sports,Cycling,Lenovo,12127.75,43.32,6874.37,2.6,11,75,S1902,4.8,28-12-2025,4,Mumbai,Tablet,Debit Card,TRUE,Returned
U978721,P89073,Electronics,Laptop,Samsung,53634.12,8.46,49096.37,4.5,25,152,S6424,3.9,21-10-2024,3,Chennai,Mobile App,UPI,FALSE,Delivered
U740774,P96628,Beauty,Skincare,Nike,3315.94,33.72,2197.93,3.5,15,354,S3906,2.6,03-02-2026,4,Bangalore,Web,Debit Card,FALSE,Delivered
U497346,P18869,Electronics,Headphones,LG,38426.88,15.7,32394.74,4.7,210,388,S8001,3.2,16-03-2026,4,Bangalore,Tablet,UPI,TRUE,Returned
U828361,P45968,Home,Kitchen,Nike,14506.99,15.93,12195.66,4.4,18,168,S9635,4.2,01-07-2025,5,Delhi,Web,Credit Card,FALSE,Delayed
U699121,P92441,Clothing,Kids,Samsung,4801.91,48.53,2471.71,3.5,13,270,S2436,4.6,31-01-2026,5,Delhi,Web,Debit Card,FALSE,In Transit
U703080,P91689,Sports,Outdoor,Sony,9818.11,43.24,5572.47,3.5,11,181,S3125,4.4,15-03-2025,6,Chennai,Tablet,Cash on Delivery,FALSE,Delayed
U344026,P48074,Beauty,Makeup,Nike,4687.15,42.91,2675.7,3.5,3,99,S1025,3.4,07-10-2025,1,Chennai,Mobile App,UPI,FALSE,In Transit
U534153,P15962,Electronics,Laptop,HP,69096.43,36.37,43966.16,4,2,170,S6728,4.1,08-11-2024,2,Hyderabad,Tablet,Credit Card,FALSE,Delivered
U928580,P18891,Clothing,Kids,Sony,1340.48,32.61,903.37,3.4,10,157,S5919,2.9,03-07-2025,3,Bangalore,Tablet,Debit Card,TRUE,Returned
U457943,P61910,Electronics,Mobile,Zara,50499.61,7.57,46678.96,4.2,28,370,S1477,4.9,04-08-2024,4,Bangalore,Mobile App,Credit Card,FALSE,In Transit
U935981,P14660,Home,Decor,Puma,10373.49,22.26,8064.7,4.1,8,330,S3224,4.1,24-02-2026,2,Hyderabad,Web,Credit Card,FALSE,Delayed
U922072,P64257,Beauty,Haircare,LG,4984.68,43.83,2799.73,4.2,4,475,S1917,2.9,08-08-2024,3,Hyderabad,Tablet,Debit Card,FALSE,Delayed
U318379,P85680,Home,Decor,Lenovo,14860.91,26.92,10860.54,4,57,350,S6434,3.2,30-03-2025,2,Delhi,Web,UPI,FALSE,Delivered
U756944,P80028,Home,Furniture,LG,9647.36,25.71,7167.48,4.9,7,431,S3719,3.1,19-11-2024,3,Hyderabad,Tablet,Cash on Delivery,FALSE,Delivered
U844321,P14145,Sports,Fitness,Sony,14607.94,14.97,12421.82,3.9,20,139,S7780,3.7,24-07-2025,4,Bangalore,Mobile App,Cash on Delivery,FALSE,Delivered
U650607,P49625,Home,Kitchen,Sony,13425.89,8.86,12236.26,3.6,29,89,S2838,3.3,20-08-2024,3,Mumbai,Web,UPI,FALSE,Delivered
U937838,P73263,Electronics,Camera,Lenovo,67876.47,39.94,40767.84,4.4,2,463,S9192,4.7,02-01-2026,1,Delhi,Mobile App,Credit Card,FALSE,In Transit
U913205,P52904,Beauty,Haircare,Lenovo,2158.59,28.27,1548.35,3.9,13,73,S2609,4.4,29-07-2024,4,Bangalore,Tablet,Credit Card,FALSE,Delivered
U221462,P10538,Electronics,Camera,Boat,41890.09,7.44,38772.22,3.6,18,159,S1721,3.7,04-08-2025,2,Chennai,Tablet,UPI,FALSE,In Transit
U903398,P96374,Beauty,Skincare,Apple,3744.99,33.18,2502.34,3.4,28,381,S6119,3.7,18-08-2024,3,Chennai,Mobile App,Debit Card,FALSE,Delayed
U400487,P46261,Clothing,Women,Adidas,708.81,40.34,422.88,3.7,12,272,S6228,4.9,22-02-2026,2,Mumbai,Web,UPI,FALSE,In Transit
U115997,P91650,Clothing,Men,Sony,1716.57,28.87,1221.06,4.6,35,286,S9422,3.7,21-10-2024,1,Delhi,Mobile App,Credit Card,FALSE,Delayed
U248433,P47128,Home,Decor,LG,12859.65,17.42,10619.91,4.5,11,293,S5011,3.7,25-12-2024,2,Bangalore,Mobile App,UPI,TRUE,Returned
U565198,P16648,Home,Decor,LG,5000.04,23.43,3828.52,4.2,41,66,S1475,3.7,27-11-2025,2,Chennai,Web,UPI,FALSE,Delivered
U510954,P33459,Beauty,Skincare,Apple,4589.73,39.08,2795.87,4.2,36,360,S8304,2.8,12-10-2025,3,Hyderabad,Tablet,Debit Card,FALSE,In Transit
U182361,P71039,Home,Furniture,H&M,18998.83,28.33,13616.84,3.7,9,290,S3159,4.5,18-06-2024,3,Chennai,Mobile App,Cash on Delivery,FALSE,Delivered
U593403,P40368,Beauty,Makeup,Zara,2643.74,32.52,1783.88,4.7,33,485,S4666,3.9,15-07-2025,4,Hyderabad,Mobile App,Debit Card,TRUE,Returned
U927094,P52567,Home,Kitchen,Nike,11274.39,43.63,6355.24,5,88,232,S8987,2.7,26-11-2025,2,Bangalore,Mobile App,UPI,FALSE,In Transit
U986850,P32387,Electronics,Headphones,Puma,62348.27,29.36,44045.4,4.7,10,144,S6711,4.8,15-09-2025,2,Hyderabad,Tablet,Credit Card,FALSE,Delayed
U441699,P82895,Electronics,Camera,H&M,13982,35.2,9060.76,4.1,13,332,S2162,4.6,28-01-2026,4,Delhi,Web,Cash on Delivery,FALSE,In Transit
U355528,P81820,Sports,Outdoor,Adidas,14740.96,49.24,7483.12,4.4,11,81,S8903,4.5,03-03-2025,6,Chennai,Web,UPI,TRUE,Returned
U552091,P67062,Home,Furniture,H&M,8338.49,19.43,6718.15,3.9,28,290,S6606,4.7,26-01-2026,2,Chennai,Tablet,Credit Card,FALSE,Delivered
U725030,P70674,Electronics,Camera,Apple,27609.21,6.88,25711.03,4.2,7,166,S2599,3.9,28-09-2025,1,Chennai,Web,Credit Card,FALSE,In Transit
U818807,P88172,Beauty,Skincare,HP,3667.39,9.78,3308.87,3.2,19,394,S7208,4.1,31-12-2025,1,Delhi,Web,Cash on Delivery,FALSE,Delayed
U708979,P93379,Electronics,Mobile,Adidas,31178.93,18.07,25543.68,3.8,24,414,S1003,3.2,21-11-2024,1,Mumbai,Mobile App,Credit Card,FALSE,In Transit
U706005,P68610,Sports,Outdoor,Boat,4897.57,21.32,3853.59,3.9,14,100,S4369,4.7,14-10-2025,1,Chennai,Tablet,Debit Card,FALSE,In Transit
U852658,P55123,Sports,Cycling,Sony,12294.4,38.43,7569.98,3.3,41,45,S1133,3,07-09-2025,4,Hyderabad,Tablet,Cash on Delivery,FALSE,Delivered
U155708,P10110,Home,Furniture,LG,10851.37,7.24,10065.72,4.3,5,360,S6885,3.5,29-08-2024,3,Chennai,Mobile App,Debit Card,FALSE,Delivered
U513420,P91948,Clothing,Women,H&M,2701.95,38.25,1668.53,4,23,162,S7271,2.5,09-08-2025,5,Chennai,Web,Cash on Delivery,FALSE,In Transit
U597938,P28228,Sports,Fitness,Zara,3053.2,37.25,1915.81,3.3,43,96,S7301,3.9,18-03-2026,3,Mumbai,Web,Cash on Delivery,FALSE,Delivered
U112166,P19403,Home,Decor,Nike,8090.94,13.51,6997.98,4,39,331,S1257,3.6,06-04-2025,3,Mumbai,Mobile App,Cash on Delivery,FALSE,Delayed
U773440,P64507,Beauty,Skincare,Apple,1941.28,35.75,1247.18,3.8,148,440,S8471,3.9,07-03-2026,5,Mumbai,Tablet,Cash on Delivery,FALSE,Delayed
U678866,P68988,Clothing,Women,Lenovo,1964.38,35.43,1268.43,3.8,20,196,S6821,3.9,04-11-2025,6,Hyderabad,Mobile App,Credit Card,FALSE,In Transit
U987938,P41031,Sports,Fitness,HP,10499.76,18.56,8550.73,3.4,29,364,S9220,3.4,05-07-2025,6,Hyderabad,Web,Cash on Delivery,FALSE,Delayed
U695748,P73342,Sports,Outdoor,Samsung,9158.19,24.09,6952.14,3.1,14,360,S7038,4.2,28-01-2026,4,Delhi,Mobile App,Cash on Delivery,FALSE,Delayed
U887042,P46624,Electronics,Laptop,H&M,69796.61,20.53,55463.9,4.8,6,238,S9469,3.4,11-07-2025,4,Chennai,Mobile App,UPI,FALSE,Delivered
U817303,P93058,Beauty,Haircare,H&M,3395.77,25.7,2522.9,3.6,11,276,S6119,3.8,01-05-2025,3,Delhi,Tablet,UPI,FALSE,In Transit
U637566,P71503,Sports,Fitness,Puma,11742.31,25.28,8773.65,4.2,31,293,S6431,4.1,04-01-2025,1,Hyderabad,Web,Debit Card,FALSE,In Transit
U885829,P49855,Home,Furniture,Samsung,9305.81,44.21,5191.71,3.2,12,372,S5267,4.6,29-11-2025,3,Chennai,Mobile App,Cash on Delivery,FALSE,Delayed
U948188,P91830,Clothing,Kids,Samsung,680.56,60.07,271.78,4.1,47,13,S5699,2.6,13-01-2025,1,Bangalore,Web,UPI,FALSE,Delivered
U238976,P90713,Sports,Fitness,Sony,10177.53,5.57,9610.19,3.8,57,143,S5509,4.3,04-05-2024,2,Bangalore,Web,UPI,TRUE,Returned
U791174,P68543,Electronics,Laptop,HP,11079.47,38.52,6811.21,4.1,44,189,S3873,3,10-02-2026,5,Mumbai,Web,Credit Card,FALSE,In Transit
U188501,P29014,Clothing,Kids,Samsung,2766.29,40.38,1649.23,3.5,39,304,S3525,3.3,06-01-2026,1,Bangalore,Web,Cash on Delivery,FALSE,In Transit
U321099,P85727,Clothing,Kids,Puma,4687.02,16.77,3900.94,4.4,30,375,S6653,4.4,14-08-2024,3,Mumbai,Mobile App,Debit Card,FALSE,Delivered
U599365,P49500,Electronics,Laptop,Puma,63794.64,37.59,39815.41,4.8,48,243,S9724,4.1,08-12-2024,2,Hyderabad,Mobile App,Cash on Delivery,FALSE,Delayed
U656208,P66981,Beauty,Makeup,Sony,1278,42.82,730.76,4.3,39,6,S5731,4.6,26-07-2025,3,Mumbai,Web,Cash on Delivery,FALSE,Delayed
U202093,P79637,Home,Decor,Zara,15663.88,48.26,8104.48,3.2,15,326,S6797,4.3,01-06-2025,3,Delhi,Web,Debit Card,FALSE,In Transit
U786128,P86569,Home,Kitchen,Apple,13577.43,25.23,10151.58,4,5,200,S8554,4.6,31-10-2024,6,Bangalore,Tablet,Credit Card,FALSE,Delayed
U810638,P33582,Sports,Fitness,Lenovo,6192.52,20.39,4929.8,3.6,43,160,S9972,3.4,20-02-2025,4,Bangalore,Mobile App,UPI,TRUE,Returned
U650779,P23619,Electronics,Mobile,Boat,45672.5,25.33,34104.62,4.5,25,350,S8306,3.4,18-04-2025,3,Delhi,Web,Credit Card,FALSE,Delayed
U124851,P91185,Home,Kitchen,Adidas,14407.53,14.99,12247.31,4.1,64,47,S1931,4.6,18-02-2026,3,Delhi,Tablet,Credit Card,FALSE,Delayed
U236217,P59277,Electronics,Mobile,Apple,59368.46,5.41,56155.26,3.9,33,336,S4027,4.8,27-12-2025,5,Chennai,Mobile App,Credit Card,FALSE,In Transit
U769809,P69433,Home,Kitchen,Zara,15659.82,32.11,10630.98,4.3,14,472,S5528,2.6,16-12-2024,5,Delhi,Web,Debit Card,FALSE,In Transit
U501393,P60933,Clothing,Men,Sony,727.69,50.58,359.6,3.9,12,170,S1984,4.1,31-03-2025,1,Delhi,Web,Debit Card,FALSE,Delivered
U739947,P61463,Beauty,Skincare,Puma,3803.21,32.14,2580.67,3.7,22,91,S9061,2.8,16-04-2025,5,Mumbai,Mobile App,Credit Card,FALSE,Delayed
U563031,P43947,Beauty,Skincare,HP,422.06,14.58,360.52,4.2,72,52,S1571,3.3,06-10-2024,5,Delhi,Mobile App,UPI,FALSE,Delayed
U256085,P95572,Home,Kitchen,Samsung,3801.61,38.86,2324.36,4.3,52,327,S1014,2.9,24-01-2025,5,Hyderabad,Mobile App,Cash on Delivery,FALSE,In Transit
U702553,P10485,Clothing,Kids,LG,3767.85,50.27,1873.63,3.7,65,263,S9039,3.9,31-03-2024,5,Hyderabad,Web,Cash on Delivery,FALSE,In Transit
U822742,P73185,Electronics,Laptop,Samsung,71212.74,38.76,43607.71,4.5,41,62,S9770,4.3,18-03-2025,3,Hyderabad,Web,Debit Card,FALSE,Delayed
U483102,P80074,Home,Kitchen,Samsung,4218.53,30.63,2926.46,3.5,30,436,S6571,4.8,01-03-2026,2,Delhi,Mobile App,Cash on Delivery,FALSE,In Transit
U502824,P96603,Clothing,Men,Lenovo,2364.93,69.8,714.19,4.2,72,97,S5896,4.5,11-06-2024,5,Delhi,Tablet,Cash on Delivery,FALSE,Delivered
U871043,P34833,Home,Kitchen,Apple,10110.87,19.7,8118.93,3.1,12,71,S1584,4.9,28-04-2025,2,Hyderabad,Mobile App,UPI,TRUE,Returned
U166052,P80851,Sports,Fitness,Puma,8533.85,46.89,4532.54,3.8,8,329,S6041,3.8,09-06-2024,3,Hyderabad,Web,Cash on Delivery,FALSE,Delivered
U926045,P15611,Electronics,Headphones,Samsung,15584.46,37.01,9816.41,4.3,6,207,S2936,4.2,12-12-2024,6,Bangalore,Mobile App,Cash on Delivery,TRUE,Returned
U344303,P19441,Sports,Fitness,H&M,6948.96,7.09,6456.31,3.8,6,18,S3319,3.6,16-11-2025,4,Chennai,Web,UPI,FALSE,In Transit
U115063,P32577,Sports,Fitness,Adidas,13431.39,13.84,11572.5,3.6,24,323,S1818,4.1,20-08-2025,2,Mumbai,Web,UPI,FALSE,In Transit
U957525,P23937,Sports,Fitness,HP,10925.83,27.67,7902.11,3.4,46,58,S9145,2.6,07-04-2025,4,Delhi,Tablet,Credit Card,FALSE,Delivered
U439984,P25833,Clothing,Women,LG,4114.87,11.85,3627.28,3.8,39,499,S9943,3.8,17-06-2024,3,Hyderabad,Mobile App,Debit Card,FALSE,Delivered
U226610,P45899,Electronics,Laptop,LG,55917.56,37.69,34843.18,4.1,13,72,S7801,3.1,12-01-2026,5,Delhi,Mobile App,Debit Card,FALSE,Delayed
U142675,P27481,Clothing,Women,Adidas,670.19,16.92,556.81,4,11,51,S7162,4.6,30-07-2025,6,Chennai,Mobile App,UPI,FALSE,In Transit
U193471,P95426,Electronics,Mobile,Samsung,22941.74,17.69,18883.84,4.9,70,303,S5648,4.1,26-04-2024,4,Mumbai,Web,Cash on Delivery,TRUE,Returned
U648496,P69037,Clothing,Men,Nike,2934.44,65.77,1004.31,3.7,5,210,S4919,3,15-10-2024,4,Bangalore,Mobile App,UPI,TRUE,Returned
U741780,P21537,Sports,Fitness,H&M,7107.08,32.26,4814.59,3.4,92,321,S5934,3.1,12-11-2024,6,Hyderabad,Web,Cash on Delivery,FALSE,Delivered
U655953,P22541,Sports,Fitness,Adidas,3812.84,43.99,2135.6,4,8,316,S6929,3.7,22-11-2025,3,Delhi,Tablet,Credit Card,FALSE,In Transit
U218152,P29558,Clothing,Women,Samsung,2347.35,13.32,2034.68,3.1,55,350,S8772,3.4,31-05-2024,3,Mumbai,Web,Credit Card,FALSE,Delivered
U398911,P37471,Electronics,Mobile,Zara,31838.09,36.22,20305.51,5,129,222,S5118,3.1,22-02-2025,2,Bangalore,Web,Cash on Delivery,FALSE,Delivered
U265722,P13809,Electronics,Mobile,Lenovo,34147.42,24.75,25697.02,5,19,248,S9436,3.7,23-12-2025,2,Mumbai,Mobile App,UPI,FALSE,Delivered
U539422,P36050,Beauty,Haircare,HP,560.97,26.74,410.99,3.1,3,382,S6336,3.1,18-02-2025,3,Bangalore,Mobile App,UPI,FALSE,In Transit
U309668,P59221,Clothing,Men,Adidas,4114.1,57.76,1737.63,3.7,1,456,S4615,4.3,03-08-2025,3,Hyderabad,Mobile App,Cash on Delivery,FALSE,Delayed
U326665,P89879,Beauty,Skincare,Boat,3891.1,26.28,2868.63,3.4,26,232,S3917,2.6,03-01-2025,3,Mumbai,Web,Debit Card,FALSE,Delivered
U382795,P36504,Beauty,Haircare,Adidas,707.84,9.28,642.18,3.9,12,171,S3084,2.6,22-08-2025,5,Bangalore,Mobile App,UPI,FALSE,In Transit
U538539,P32439,Clothing,Men,Puma,1009.11,12.9,878.94,4.8,46,389,S6629,3.5,24-03-2025,1,Hyderabad,Mobile App,Debit Card,FALSE,Delayed
U706204,P82450,Clothing,Kids,HP,3312.25,67.01,1092.62,3.9,10,437,S4763,3.8,14-01-2025,5,Mumbai,Mobile App,Cash on Delivery,FALSE,Delayed
U977646,P70655,Beauty,Skincare,HP,385.24,19.17,311.38,3.8,6,142,S1237,2.6,16-09-2025,5,Hyderabad,Tablet,Cash on Delivery,FALSE,Delayed
U707615,P39151,Clothing,Men,LG,3218.59,25.55,2396.15,3.7,39,456,S3440,4.3,01-02-2026,1,Hyderabad,Tablet,UPI,FALSE,In Transit
U135253,P65797,Electronics,Mobile,Puma,58188.55,20.35,46345.14,4.7,39,271,S7460,4.1,15-04-2025,3,Chennai,Web,UPI,FALSE,In Transit
U889660,P11628,Beauty,Skincare,Apple,3121.2,48.25,1615.21,3.1,41,354,S7662,4.3,22-12-2025,1,Chennai,Mobile App,Credit Card,FALSE,In Transit
U116703,P72886,Home,Furniture,Zara,19830.07,7.81,18281.31,3.8,23,342,S5994,4.1,11-02-2026,5,Delhi,Mobile App,Cash on Delivery,FALSE,Delayed
U909327,P28169,Sports,Fitness,Puma,9457.04,25.53,7042.22,3.9,53,447,S7641,4,09-12-2025,3,Hyderabad,Mobile App,Debit Card,FALSE,Delayed
U757776,P19266,Beauty,Haircare,Zara,251.23,41.97,145.78,3.9,11,197,S6454,2.8,25-06-2025,2,Delhi,Tablet,UPI,FALSE,In Transit
U668784,P85396,Beauty,Makeup,H&M,4304.53,48.79,2204.48,3.4,17,406,S4393,4.3,02-06-2025,3,Chennai,Tablet,UPI,FALSE,Delayed
U807424,P57708,Home,Decor,Samsung,14411.77,39.82,8672.85,3.4,12,454,S1844,3.9,30-06-2024,5,Chennai,Mobile App,Cash on Delivery,FALSE,In Transit
U484232,P32972,Beauty,Haircare,Samsung,1014.84,5.67,957.31,2.8,15,331,S2097,3.1,01-09-2025,1,Bangalore,Tablet,Credit Card,TRUE,Returned
U219073,P95070,Clothing,Women,Adidas,3719.46,43.31,2108.58,4,113,244,S4437,3.3,13-12-2025,2,Chennai,Tablet,Credit Card,FALSE,In Transit
U390607,P17138,Home,Kitchen,Lenovo,3004.76,47.78,1569.17,4.9,5,32,S7108,3.3,03-05-2025,6,Hyderabad,Web,Cash on Delivery,TRUE,Returned
U593002,P79717,Beauty,Haircare,Lenovo,744.62,41.33,436.86,3.5,78,347,S9730,4,02-03-2025,2,Delhi,Web,Cash on Delivery,FALSE,Delayed
U297503,P70014,Home,Decor,H&M,15103.89,18.73,12274.23,3.2,10,44,S2313,2.9,25-01-2026,1,Delhi,Web,Credit Card,FALSE,In Transit
U217466,P29392,Electronics,Mobile,Nike,44737.54,14.92,38064.77,4.6,9,254,S3465,3.7,19-05-2024,2,Bangalore,Mobile App,UPI,FALSE,In Transit
U596925,P55442,Beauty,Haircare,Lenovo,3155.49,23.19,2423.84,3.7,54,215,S8272,3.4,10-08-2025,4,Mumbai,Tablet,UPI,FALSE,In Transit
U975505,P78107,Clothing,Men,Samsung,599.91,25.14,449.12,4.5,23,330,S6503,4.5,01-11-2025,2,Mumbai,Web,Debit Card,FALSE,Delayed
U982804,P81888,Home,Kitchen,HP,8314.22,48.33,4296.35,3.8,7,227,S8503,2.7,03-01-2025,1,Chennai,Web,Credit Card,FALSE,In Transit
U489967,P47767,Clothing,Women,Adidas,4125.67,49.05,2101.95,3.5,9,394,S1775,5,17-03-2026,4,Hyderabad,Mobile App,Debit Card,FALSE,In Transit
U846389,P80165,Beauty,Skincare,HP,4367.83,5.08,4145.88,3.5,6,146,S3986,3.1,23-06-2025,3,Mumbai,Mobile App,Credit Card,FALSE,Delivered
U702433,P26577,Clothing,Men,Samsung,2840.72,30.1,1985.65,3.6,5,225,S5266,3.9,18-10-2025,5,Bangalore,Web,Credit Card,FALSE,Delivered
U460549,P29391,Sports,Cycling,Samsung,5970.15,34.88,3887.56,3.6,13,190,S8347,2.9,21-03-2025,1,Bangalore,Tablet,Credit Card,FALSE,Delayed
U623676,P29055,Home,Furniture,Samsung,1300.92,27.79,939.33,2.9,37,485,S8504,4.8,11-08-2024,4,Hyderabad,Web,Credit Card,FALSE,Delivered
U596931,P47988,Sports,Cycling,LG,2939.78,31.17,2023.32,4,2,496,S3409,2.7,28-03-2025,5,Bangalore,Tablet,Cash on Delivery,FALSE,In Transit
U810943,P82215,Electronics,Camera,Samsung,46101.61,29.86,32337.48,3.4,7,59,S6047,4.2,05-02-2026,4,Mumbai,Mobile App,Cash on Delivery,FALSE,Delayed
U442220,P17213,Clothing,Women,LG,2258.39,22.25,1755.8,3.6,8,311,S4197,3,09-04-2025,4,Delhi,Tablet,Credit Card,TRUE,Returned
U664566,P68387,Home,Furniture,Samsung,16520.68,21.43,12980.43,4.7,48,346,S2431,3.7,13-12-2024,5,Delhi,Tablet,Cash on Delivery,FALSE,Delivered
U636405,P17346,Beauty,Makeup,HP,985.02,11.35,873.22,3.2,29,465,S6915,4.3,23-06-2025,1,Chennai,Web,Credit Card,TRUE,Returned
U112782,P47309,Beauty,Makeup,Boat,4535.85,45.39,2477.08,2.8,3,176,S6756,3,24-12-2024,4,Bangalore,Web,Cash on Delivery,TRUE,Returned
U877548,P64474,Sports,Fitness,Adidas,910.89,42.28,525.73,3.5,45,411,S8249,2.6,23-09-2024,6,Hyderabad,Web,Credit Card,FALSE,Delayed
U976097,P86962,Beauty,Haircare,Boat,2208.56,26.45,1624.31,3,96,306,S2410,4.4,13-08-2024,2,Mumbai,Mobile App,Credit Card,FALSE,In Transit
U719371,P59253,Beauty,Haircare,LG,3541.86,24.86,2661.52,3.8,61,45,S1108,3.6,01-05-2025,5,Delhi,Web,Debit Card,FALSE,In Transit
U891930,P27947,Clothing,Kids,Puma,3048.33,30.12,2130.16,4.5,132,102,S4047,2.6,18-11-2025,4,Chennai,Web,Debit Card,FALSE,Delayed
U418677,P74762,Beauty,Skincare,Sony,3709.86,9.41,3360.67,4.1,18,286,S8593,3.9,06-01-2025,4,Chennai,Mobile App,UPI,FALSE,Delivered
U230208,P95696,Clothing,Women,Sony,1927.65,19.51,1551.52,3.7,25,340,S5713,4.1,18-12-2024,4,Hyderabad,Web,Credit Card,TRUE,Returned
U129824,P25644,Beauty,Haircare,Zara,4342.26,7.83,4002.32,4.8,15,391,S5541,4,23-02-2026,1,Mumbai,Web,UPI,FALSE,Delayed
U557250,P43804,Home,Decor,Puma,5309.9,28.17,3814.01,4.1,7,321,S8799,3.9,24-09-2024,4,Chennai,Tablet,UPI,FALSE,In Transit
U986340,P44018,Sports,Cycling,HP,14365.57,39.5,8690.92,3,55,83,S1958,4.9,14-07-2024,4,Delhi,Mobile App,Debit Card,FALSE,In Transit
U385915,P57338,Clothing,Women,Nike,4691.91,22.56,3633.54,2.7,24,214,S6832,5,03-10-2025,1,Delhi,Mobile App,Debit Card,FALSE,In Transit
U303229,P92317,Sports,Cycling,Apple,5113.72,12.47,4476.07,3.5,80,93,S2548,3.1,01-06-2025,4,Chennai,Tablet,Credit Card,FALSE,Delayed
U384645,P99842,Home,Kitchen,Zara,6876.09,18.89,5577.3,3.7,14,357,S6939,3.2,04-12-2025,3,Bangalore,Mobile App,Debit Card,TRUE,Returned
U395087,P58891,Clothing,Men,Nike,2389.72,50.16,1191.15,3.9,16,398,S8944,3.5,21-01-2025,5,Chennai,Web,Debit Card,FALSE,Delivered
U331854,P34696,Electronics,Laptop,Nike,18474.45,32.5,12470.56,3.6,28,407,S9612,4.9,03-12-2025,3,Chennai,Tablet,UPI,FALSE,In Transit
U118223,P72851,Beauty,Skincare,Apple,4792.71,48.3,2477.91,3.7,32,178,S6104,3.1,10-12-2025,5,Mumbai,Tablet,Debit Card,FALSE,Delivered
U280572,P49935,Beauty,Haircare,Lenovo,273.27,17.69,224.94,3.2,16,14,S2943,2.7,07-11-2024,3,Bangalore,Mobile App,Credit Card,FALSE,Delayed
U231432,P37504,Clothing,Kids,Adidas,3441.45,65.67,1181.54,3.9,27,66,S2287,4.4,20-12-2025,4,Bangalore,Web,UPI,FALSE,Delivered
U305888,P24131,Electronics,Camera,Boat,6352.84,37.94,3942.59,3.7,40,16,S9412,3.9,13-07-2025,1,Delhi,Tablet,UPI,FALSE,In Transit
U416298,P97501,Electronics,Headphones,Samsung,17760.71,39.03,10829.05,4.2,9,5,S2581,3.4,29-03-2026,4,Delhi,Mobile App,Credit Card,FALSE,Delayed
U130680,P21898,Clothing,Men,Zara,4653.19,12.9,4052.75,3.7,6,74,S5544,3.6,27-01-2026,5,Bangalore,Tablet,Debit Card,FALSE,In Transit
U353569,P76179,Clothing,Kids,H&M,2535.46,42.25,1464.35,3.8,13,291,S2119,4.1,13-10-2025,4,Chennai,Mobile App,UPI,FALSE,Delayed
U280117,P80402,Clothing,Kids,Adidas,927.09,19.13,749.73,3.5,8,2,S2616,4.7,14-04-2024,5,Bangalore,Mobile App,Cash on Delivery,FALSE,In Transit
U289633,P56507,Sports,Fitness,Puma,6271.8,28.11,4508.58,3.6,66,194,S7948,4.9,19-03-2025,3,Delhi,Mobile App,Credit Card,FALSE,In Transit
U215674,P78121,Electronics,Headphones,Apple,76971.96,24.71,57955.69,3.9,8,69,S9123,3.5,28-12-2024,5,Hyderabad,Web,Debit Card,FALSE,Delayed
U221343,P60434,Electronics,Mobile,LG,77405.8,22.07,60319.4,4.1,10,145,S8486,3.5,30-11-2024,4,Hyderabad,Tablet,Debit Card,FALSE,Delayed
U404704,P66093,Beauty,Skincare,Lenovo,535.34,12.78,466.94,3.6,16,96,S2140,3.3,22-03-2026,2,Hyderabad,Web,Debit Card,FALSE,Delivered
U515623,P67417,Electronics,Camera,Zara,12943.68,32.91,8683.4,3,29,267,S2392,3.5,27-01-2026,3,Delhi,Mobile App,Credit Card,TRUE,Returned
U206663,P32114,Beauty,Makeup,H&M,2742.29,28.42,1962.84,3.4,122,33,S6959,2.9,15-01-2025,2,Chennai,Mobile App,Debit Card,FALSE,Delivered
U978821,P65666,Sports,Outdoor,Apple,9783.64,44.49,5431.19,4.3,17,371,S9177,4.8,17-06-2024,1,Mumbai,Web,Debit Card,FALSE,Delayed
U524089,P73508,Beauty,Makeup,Puma,2655.11,9.6,2400.22,4,62,261,S5569,2.6,06-08-2025,3,Chennai,Mobile App,Cash on Delivery,FALSE,Delivered
U342034,P92361,Electronics,Headphones,Puma,50336.67,28.6,35941.55,3.5,9,482,S3205,4.9,27-03-2025,3,Hyderabad,Mobile App,UPI,FALSE,Delayed
U287795,P60152,Electronics,Mobile,Puma,42865.61,24.13,32521.32,4.1,396,309,S6356,4,25-04-2025,4,Delhi,Mobile App,Debit Card,FALSE,Delayed
U904857,P74512,Sports,Fitness,Apple,7743.46,10.04,6965.67,3.4,1,405,S8635,2.9,22-04-2025,4,Chennai,Mobile App,Debit Card,FALSE,Delayed
U668787,P55038,Beauty,Makeup,Lenovo,370.94,29.94,259.89,4.7,33,414,S9856,4.9,24-03-2025,2,Bangalore,Tablet,UPI,FALSE,Delivered
U429839,P59327,Beauty,Skincare,Boat,488.35,11.47,432.36,4,124,226,S8531,5,21-05-2024,5,Hyderabad,Mobile App,UPI,FALSE,Delivered
U615353,P66450,Sports,Cycling,Sony,6540.59,34.18,4304.77,4.3,4,68,S6119,4.1,05-06-2024,1,Mumbai,Tablet,Cash on Delivery,FALSE,In Transit
U818666,P80699,Electronics,Camera,Zara,24785.46,25.63,18432.58,5,7,292,S8697,4.1,21-01-2025,4,Chennai,Web,Credit Card,FALSE,Delayed
U719755,P59518,Electronics,Camera,Sony,63830.61,28.59,45580.13,4.7,5,315,S6779,4.2,04-09-2024,4,Hyderabad,Web,Debit Card,FALSE,Delivered
U465823,P86541,Electronics,Mobile,Nike,36994.39,35.92,23707.03,3.2,19,13,S6591,4.3,09-09-2025,5,Bangalore,Web,UPI,FALSE,In Transit
U159191,P96670,Home,Kitchen,Boat,12844.42,34.58,8402.9,3.4,15,125,S5056,3.6,20-06-2024,2,Bangalore,Mobile App,Debit Card,FALSE,Delayed
U453993,P32253,Electronics,Mobile,Sony,33939.46,25.68,25225.04,3.4,122,10,S9821,4.3,16-09-2025,5,Delhi,Web,UPI,FALSE,In Transit
U379570,P12674,Beauty,Haircare,Lenovo,2507.47,36.85,1583.35,3.4,37,356,S8695,4.9,05-08-2025,1,Hyderabad,Tablet,UPI,FALSE,In Transit
U700350,P22809,Beauty,Haircare,Boat,1207.49,5.88,1136.46,4,154,413,S9001,4,04-07-2025,1,Bangalore,Mobile App,Credit Card,FALSE,In Transit
U274721,P90586,Beauty,Haircare,Zara,2782.72,43.09,1583.66,3.6,19,153,S6952,4.9,22-12-2025,6,Bangalore,Web,Credit Card,TRUE,Returned
U324479,P47664,Beauty,Haircare,Apple,886.79,18.9,719.2,4.2,134,135,S1778,3,25-04-2025,5,Chennai,Web,Cash on Delivery,FALSE,Delivered
U199335,P87576,Sports,Cycling,Apple,9599.56,21.04,7580.06,2,21,172,S5478,4.4,03-12-2025,2,Chennai,Mobile App,Cash on Delivery,FALSE,In Transit
U629152,P49309,Clothing,Women,Apple,2663.54,34.89,1734.21,3.7,14,221,S9846,4.1,20-02-2026,3,Bangalore,Web,Credit Card,TRUE,Returned
U640403,P69405,Beauty,Makeup,Sony,1707.41,15.66,1440.09,3.1,51,343,S9971,3.5,15-07-2024,6,Chennai,Mobile App,UPI,TRUE,Returned
U323297,P96613,Sports,Fitness,HP,1392.57,34.49,912.22,3.2,59,492,S8656,4.8,05-05-2025,5,Hyderabad,Web,Cash on Delivery,FALSE,Delayed
U254920,P41506,Electronics,Laptop,LG,8686.89,5.67,8194.65,4,22,77,S5919,4.1,12-09-2024,2,Hyderabad,Web,Cash on Delivery,FALSE,In Transit
U963723,P47623,Electronics,Laptop,Boat,9597.41,20.43,7636.97,3.5,25,330,S3631,4.5,09-03-2025,6,Bangalore,Web,Credit Card,FALSE,In Transit
U129049,P42189,Clothing,Men,Nike,3270.31,43.93,1833.55,3.2,74,408,S6087,3.1,12-12-2024,2,Mumbai,Web,Cash on Delivery,FALSE,Delayed
U311802,P30887,Beauty,Makeup,Zara,938.36,46.17,505.1,4,13,139,S3235,2.6,26-01-2025,4,Delhi,Mobile App,Debit Card,FALSE,In Transit
U857568,P73680,Sports,Fitness,Zara,10622.7,18.99,8605.05,3.8,12,400,S1326,4.6,14-10-2024,1,Delhi,Mobile App,UPI,FALSE,In Transit
U481088,P98037,Sports,Outdoor,Apple,14162.39,28.73,10094.22,3.5,12,336,S2479,4.4,09-08-2024,6,Hyderabad,Web,Credit Card,FALSE,Delivered
U912767,P78846,Electronics,Mobile,Lenovo,50503.97,39.52,30542.53,4.7,41,128,S9133,2.5,24-06-2024,6,Chennai,Mobile App,Credit Card,FALSE,Delayed
U873048,P61111,Electronics,Headphones,LG,67301.72,8.87,61334.13,4.5,22,412,S4865,2.9,28-03-2025,1,Chennai,Web,Credit Card,FALSE,Delivered
U560823,P63526,Electronics,Laptop,Adidas,49574.88,18.78,40264.63,4,12,130,S1916,4.1,10-04-2024,6,Bangalore,Web,Debit Card,FALSE,Delayed
U597920,P99487,Electronics,Headphones,Lenovo,11600.45,18.65,9436.7,4.3,13,126,S5550,5,25-01-2026,6,Hyderabad,Mobile App,Debit Card,FALSE,In Transit
U136500,P96798,Home,Kitchen,Samsung,8572.75,39.81,5160.25,3.2,27,409,S1895,3.2,11-07-2025,2,Chennai,Tablet,Credit Card,FALSE,In Transit
U951706,P99816,Sports,Outdoor,Sony,10092.1,31.64,6899.35,4.1,100,62,S9763,4.2,14-05-2025,3,Bangalore,Mobile App,Cash on Delivery,FALSE,In Transit
U194634,P40862,Electronics,Camera,Sony,50578.18,27.59,36624.19,3.8,87,152,S4446,4.1,26-07-2025,5,Bangalore,Mobile App,Cash on Delivery,FALSE,Delayed
U387348,P20498,Home,Decor,Boat,1216.4,47.42,639.61,4,69,421,S9055,4.2,25-11-2025,1,Delhi,Web,Cash on Delivery,FALSE,In Transit
U630930,P18698,Beauty,Skincare,Nike,4768.47,21.83,3727.67,3.6,21,180,S7895,4.3,15-01-2026,2,Bangalore,Tablet,Debit Card,FALSE,In Transit
U760766,P68117,Electronics,Mobile,Zara,37703.62,22.43,29244.99,3.3,37,405,S3229,4.1,23-07-2025,5,Mumbai,Mobile App,Cash on Delivery,FALSE,Delivered
U216211,P30686,Home,Kitchen,HP,15639.15,18.16,12798.4,4.5,38,127,S9460,3.3,14-02-2025,3,Delhi,Tablet,Credit Card,FALSE,Delayed
U870883,P27499,Beauty,Makeup,Puma,749.76,24.15,568.69,4.5,7,133,S3842,2.6,06-12-2024,6,Hyderabad,Tablet,Debit Card,FALSE,In Transit
U290724,P61576,Clothing,Men,Boat,2262.97,69.08,699.74,3.7,6,448,S7182,3.6,28-12-2025,2,Bangalore,Tablet,Credit Card,FALSE,Delivered
U307897,P44312,Electronics,Laptop,Apple,7251.52,33.67,4810.02,3.6,21,359,S3764,3.2,22-12-2025,6,Hyderabad,Mobile App,Cash on Delivery,FALSE,Delayed
U193387,P58224,Beauty,Haircare,Sony,1619.06,47.49,850.16,4.1,43,87,S2922,3.8,12-03-2026,5,Mumbai,Mobile App,Cash on Delivery,FALSE,In Transit
U299800,P44891,Beauty,Skincare,Adidas,3808.06,28.27,2731.45,4.5,9,147,S9096,4.3,28-04-2025,3,Mumbai,Web,Credit Card,FALSE,In Transit
U862008,P98760,Clothing,Kids,Adidas,2020.86,29.76,1419.43,3.7,7,96,S7853,2.6,06-04-2024,5,Bangalore,Mobile App,Cash on Delivery,FALSE,Delivered
U747684,P69110,Electronics,Headphones,Sony,33416.53,9.19,30344.26,4.6,18,464,S5068,3.9,23-06-2025,5,Mumbai,Web,Cash on Delivery,FALSE,Delivered
U826687,P62108,Electronics,Camera,Nike,64400.23,10.06,57918.43,4.2,37,351,S4476,4.3,19-12-2024,5,Bangalore,Tablet,Cash on Delivery,FALSE,Delayed
U176604,P22488,Beauty,Haircare,HP,3194.67,23.1,2456.83,4.2,156,285,S1962,3.6,12-09-2024,2,Bangalore,Mobile App,Debit Card,FALSE,Delivered
U844033,P15965,Beauty,Makeup,HP,3652.05,36.02,2336.7,4.8,28,2,S5155,4.4,19-02-2025,6,Chennai,Tablet,Cash on Delivery,FALSE,In Transit
U686741,P15390,Beauty,Haircare,LG,2510.11,23.22,1927.24,4.7,21,297,S3938,3.8,19-08-2025,2,Mumbai,Web,Credit Card,FALSE,Delayed
U194002,P51591,Beauty,Makeup,Puma,1089.7,41.82,633.94,3.1,56,363,S9690,4,24-04-2025,4,Mumbai,Web,Credit Card,FALSE,In Transit
U623460,P46831,Electronics,Headphones,Samsung,54461.75,17.9,44713.27,4.2,26,382,S6907,3.2,06-10-2024,1,Mumbai,Web,Debit Card,FALSE,In Transit
U556943,P31624,Sports,Outdoor,Lenovo,9219.71,29.57,6493.23,4.2,23,161,S9049,3.6,05-09-2025,5,Bangalore,Mobile App,Cash on Delivery,TRUE,Returned
U341026,P34004,Electronics,Laptop,Nike,35591.37,30.5,24737.25,4.4,30,18,S8704,3.8,29-12-2025,2,Delhi,Web,Credit Card,FALSE,Delayed
U142773,P67870,Beauty,Makeup,Apple,4408.84,44.38,2452,2.6,27,182,S8949,4.2,11-04-2025,6,Hyderabad,Web,Cash on Delivery,FALSE,Delivered
U313630,P47239,Clothing,Men,LG,3123.58,34.14,2057.12,4.3,21,92,S3757,2.7,08-03-2026,5,Delhi,Tablet,Debit Card,FALSE,Delayed
U651567,P84814,Sports,Fitness,HP,13946.81,23.12,10722.65,3.8,47,92,S7822,2.7,09-08-2024,1,Delhi,Mobile App,Credit Card,FALSE,In Transit
U814407,P99212,Electronics,Headphones,Samsung,61809.69,26.88,45195.18,4,14,62,S7458,4.2,27-05-2024,4,Bangalore,Web,UPI,FALSE,In Transit
U971051,P96447,Clothing,Men,Apple,3667.71,37.02,2310.07,3.5,7,245,S8439,3.1,22-12-2024,4,Hyderabad,Tablet,Debit Card,FALSE,Delayed
U575111,P52587,Electronics,Headphones,Samsung,27811.64,32.12,18878.53,4,6,485,S3118,4.1,10-04-2025,3,Chennai,Mobile App,UPI,FALSE,Delayed
U673734,P88943,Home,Kitchen,Samsung,6632.37,18.01,5437.68,4,2,195,S2516,3.3,29-08-2025,5,Delhi,Web,Debit Card,FALSE,Delivered
U993749,P37292,Clothing,Women,Apple,2935.35,66.57,981.15,3.6,25,83,S7365,4.1,27-07-2025,1,Delhi,Web,Debit Card,FALSE,Delayed
U940014,P66670,Clothing,Men,Sony,2603.11,38.04,1612.96,3,161,376,S6080,4.7,26-08-2025,6,Hyderabad,Tablet,Credit Card,FALSE,In Transit
U613406,P68385,Electronics,Headphones,Lenovo,65106.26,34.63,42560.8,5,20,453,S7358,4.7,15-07-2025,1,Mumbai,Web,Debit Card,FALSE,Delayed
U950389,P58265,Sports,Outdoor,Apple,8547.58,45.69,4642.31,3.8,247,314,S4053,3.4,17-08-2024,1,Hyderabad,Web,Cash on Delivery,FALSE,Delivered
U779068,P99946,Electronics,Headphones,Puma,23740.72,7.6,21936.04,3.5,4,365,S3540,4.3,15-09-2025,1,Mumbai,Web,UPI,FALSE,In Transit
U414985,P29478,Beauty,Makeup,Apple,4884.87,25.74,3627.33,4.1,144,65,S5921,3.5,06-02-2025,1,Hyderabad,Mobile App,Cash on Delivery,FALSE,In Transit
U147285,P77294,Sports,Fitness,Lenovo,6245.42,23.3,4790.35,3.1,28,55,S9366,4.3,12-09-2025,1,Delhi,Web,Cash on Delivery,FALSE,Delivered
U952308,P43211,Beauty,Haircare,H&M,3728.11,10.11,3351.34,4.7,29,181,S5175,4.5,09-12-2024,4,Chennai,Tablet,UPI,TRUE,Returned
U288274,P33882,Sports,Fitness,Apple,9674.09,43.83,5433.98,5,14,431,S7438,4.7,25-06-2025,3,Hyderabad,Mobile App,UPI,FALSE,In Transit
U894143,P97852,Home,Kitchen,HP,6712.46,29.07,4761.2,3.7,3,230,S5342,5,20-11-2025,5,Hyderabad,Web,Credit Card,FALSE,Delivered
U371914,P98265,Clothing,Men,H&M,3771.41,37.63,2352.08,3.6,19,54,S8107,4.6,20-07-2025,2,Chennai,Tablet,UPI,FALSE,Delivered
U787657,P72537,Beauty,Skincare,Samsung,660.83,7.44,611.65,3.4,24,235,S7637,4.4,23-07-2024,5,Mumbai,Tablet,Cash on Delivery,FALSE,In Transit
U943726,P49669,Sports,Cycling,LG,4333.86,28.74,3088.17,4.2,20,44,S3049,3.5,04-02-2026,2,Hyderabad,Mobile App,UPI,FALSE,Delivered
U128117,P37424,Electronics,Mobile,H&M,76180.97,34,50276.89,4.3,32,246,S3378,5,24-06-2024,1,Mumbai,Tablet,Credit Card,FALSE,In Transit
U907111,P70742,Sports,Fitness,Apple,2655.75,25.53,1977.63,4.6,9,75,S8765,2.6,16-03-2026,6,Bangalore,Web,UPI,FALSE,Delivered
U608608,P71799,Clothing,Men,H&M,3722.28,47.57,1951.42,3.7,13,10,S8364,4.2,19-04-2024,4,Hyderabad,Tablet,Credit Card,TRUE,Returned
U153395,P53758,Clothing,Women,HP,1871.96,36.89,1181.33,2.9,2,4,S2682,4.8,11-05-2024,1,Hyderabad,Tablet,Cash on Delivery,FALSE,In Transit
U866591,P82653,Beauty,Haircare,HP,2432.17,44.78,1343.05,3.6,37,148,S1606,4.2,02-01-2025,5,Chennai,Web,Cash on Delivery,FALSE,In Transit
U811634,P73950,Sports,Cycling,H&M,1694.06,5.12,1607.3,3.9,1,118,S1994,2.6,02-04-2025,4,Chennai,Tablet,UPI,FALSE,In Transit
U380859,P94974,Sports,Outdoor,Lenovo,7682.11,24.25,5819.5,4.7,22,213,S8755,3.4,28-10-2024,5,Delhi,Mobile App,Cash on Delivery,FALSE,Delayed
U121817,P31146,Home,Kitchen,H&M,12570.98,29.5,8862.05,3.5,21,147,S4149,3,11-08-2025,1,Hyderabad,Web,Debit Card,FALSE,In Transit
U818247,P54453,Clothing,Kids,Adidas,3741.45,46.62,1997.05,3.9,31,471,S8675,3.7,07-02-2026,5,Chennai,Mobile App,Debit Card,FALSE,Delayed
U934637,P71908,Beauty,Makeup,Zara,3701.25,12.01,3256.9,3.5,9,409,S3654,4.1,19-07-2025,1,Bangalore,Tablet,Credit Card,FALSE,In Transit
U309174,P30488,Electronics,Camera,Nike,63085.81,17.18,52248.36,3.4,13,310,S9063,2.6,14-03-2026,4,Mumbai,Mobile App,Cash on Delivery,FALSE,In Transit
U149334,P12376,Home,Furniture,Adidas,3197.83,33.69,2120.56,4.4,32,183,S5273,3.8,28-06-2025,2,Chennai,Web,Credit Card,FALSE,Delivered
U551538,P24938,Sports,Fitness,Apple,4107.84,34.76,2680.14,4.4,16,316,S4714,3.5,07-02-2026,1,Bangalore,Mobile App,Credit Card,FALSE,In Transit
U907503,P83010,Home,Kitchen,LG,1975.35,37.31,1238.4,3.5,8,136,S3476,2.5,17-01-2026,5,Delhi,Tablet,UPI,FALSE,Delayed
U211035,P90028,Electronics,Camera,Puma,16506.32,31.85,11248.91,3.6,144,312,S2669,3.5,01-08-2024,5,Delhi,Tablet,UPI,FALSE,Delayed
U315363,P57400,Electronics,Laptop,Zara,24719.32,18.95,20035.61,4.6,39,80,S5786,3.1,17-10-2025,1,Delhi,Tablet,Cash on Delivery,TRUE,Returned
U261790,P94815,Sports,Outdoor,H&M,7017.5,48.74,3597.41,4.1,43,186,S6482,4.3,28-06-2024,5,Delhi,Mobile App,UPI,FALSE,Delivered
U975365,P72084,Beauty,Makeup,Samsung,2070.36,22.39,1606.81,4.3,3,174,S5698,5,24-07-2024,5,Mumbai,Tablet,Credit Card,FALSE,Delivered
U478162,P92502,Home,Kitchen,H&M,14079.1,17.4,11629.33,4.6,30,340,S5021,3.8,14-01-2026,3,Hyderabad,Mobile App,Cash on Delivery,FALSE,Delivered
U581037,P77653,Clothing,Women,Boat,1094.73,41.85,636.64,3.2,29,406,S6927,3.1,19-08-2024,1,Hyderabad,Mobile App,Cash on Delivery,FALSE,Delivered
U430096,P62645,Electronics,Mobile,Apple,21866.51,27.46,15862.26,4.1,73,395,S3692,3.4,18-05-2025,2,Bangalore,Web,UPI,FALSE,In Transit
U762288,P96554,Electronics,Laptop,HP,50018.98,18.74,40643.19,4.6,288,448,S9516,2.9,02-09-2025,2,Delhi,Web,Cash on Delivery,FALSE,In Transit
U460875,P11035,Sports,Outdoor,H&M,7857.21,19.8,6301.37,3.7,20,423,S5583,2.6,29-07-2024,1,Bangalore,Tablet,Credit Card,FALSE,Delayed
U670871,P91836,Beauty,Makeup,Zara,1430.93,17.37,1182.44,4,9,403,S8244,3,14-04-2025,1,Mumbai,Tablet,Debit Card,FALSE,Delayed
U138766,P80442,Beauty,Skincare,Sony,2124.06,13.99,1826.99,4.9,21,171,S7389,2.9,12-11-2025,2,Delhi,Tablet,Credit Card,FALSE,Delayed
U636526,P82323,Sports,Outdoor,Adidas,3226.6,43.68,1817.06,3.4,9,159,S9541,2.5,13-02-2025,4,Delhi,Web,Credit Card,FALSE,Delivered
U861800,P65410,Electronics,Headphones,Adidas,60042.15,23.15,46140.98,4,46,258,S2809,4.6,12-04-2025,5,Bangalore,Tablet,UPI,FALSE,In Transit
U229827,P16256,Home,Decor,Lenovo,3387.56,26.13,2502.24,4.2,45,387,S3043,3.8,01-07-2024,2,Bangalore,Web,Debit Card,FALSE,Delayed
U944510,P86230,Electronics,Camera,LG,51647.2,23.12,39707.01,4.6,54,289,S9737,4.1,25-11-2024,5,Mumbai,Tablet,Credit Card,FALSE,In Transit
U805097,P28346,Home,Kitchen,Zara,13301.49,30.88,9193.41,4.2,23,365,S7187,4.9,12-11-2024,3,Chennai,Tablet,Credit Card,FALSE,Delivered
U962813,P57352,Home,Decor,HP,5076.57,49.37,2570.2,4.1,10,232,S2605,3,23-08-2024,2,Mumbai,Mobile App,Cash on Delivery,FALSE,In Transit
U236381,P72423,Electronics,Mobile,Samsung,56098.49,19.36,45238.15,4.3,11,109,S8309,4.4,06-06-2025,1,Hyderabad,Mobile App,Debit Card,FALSE,Delayed
U644153,P61744,Sports,Outdoor,HP,4166.4,28.28,2988.01,5,33,446,S5320,3.3,15-05-2025,1,Chennai,Tablet,Cash on Delivery,FALSE,Delayed
U867260,P64646,Beauty,Makeup,H&M,4863.12,18.74,3951.73,3,10,421,S3668,2.5,27-12-2025,2,Hyderabad,Mobile App,Credit Card,FALSE,In Transit
U654844,P25474,Beauty,Skincare,H&M,599.37,44.5,332.64,2.9,20,355,S4483,4.2,06-06-2025,5,Chennai,Web,Cash on Delivery,FALSE,Delivered
U730823,P63558,Clothing,Kids,LG,2722.94,56.27,1190.79,3.3,114,56,S2980,5,22-04-2025,3,Delhi,Web,Debit Card,FALSE,Delivered
U419736,P59081,Sports,Fitness,Apple,11080.64,41.5,6482.65,4.4,7,155,S5816,4.5,02-01-2026,4,Bangalore,Web,UPI,FALSE,Delivered
U419987,P47156,Clothing,Kids,Boat,3303.38,41.65,1927.4,4.2,33,110,S3999,3.7,07-02-2025,5,Delhi,Tablet,Cash on Delivery,FALSE,Delivered
U537859,P73068,Electronics,Headphones,Apple,30197.77,28.29,21653.97,3.4,66,293,S6074,4.4,17-03-2026,4,Delhi,Tablet,Cash on Delivery,FALSE,In Transit
U239260,P28156,Beauty,Makeup,H&M,1024.91,27.33,744.76,4.5,13,258,S8551,4.6,15-04-2025,2,Chennai,Web,Cash on Delivery,FALSE,Delivered
U529526,P60755,Home,Furniture,HP,5127.26,17.55,4227.25,4,5,119,S7478,5,13-10-2025,5,Chennai,Web,UPI,FALSE,Delayed
U273659,P13251,Beauty,Haircare,Sony,4850.83,14.91,4127.52,4.1,37,292,S6060,2.9,19-05-2024,1,Delhi,Tablet,UPI,FALSE,Delayed
U668154,P85609,Sports,Fitness,Adidas,503.49,12.58,440.14,3.3,180,387,S1866,4.9,08-06-2024,2,Chennai,Tablet,Credit Card,FALSE,In Transit
U288474,P12486,Sports,Fitness,Apple,796.92,28.48,569.92,3.2,38,140,S4371,4.2,18-05-2024,4,Chennai,Mobile App,Cash on Delivery,FALSE,Delivered
U717499,P15896,Sports,Cycling,LG,13523.09,47.87,7049.59,4.6,12,251,S1381,4.7,03-11-2025,1,Hyderabad,Web,Cash on Delivery,FALSE,Delivered
U500567,P43708,Beauty,Skincare,Lenovo,258.46,18.02,211.88,3.4,6,46,S2878,3.7,11-07-2024,6,Bangalore,Mobile App,Credit Card,FALSE,In Transit
U261719,P50212,Clothing,Men,Sony,4676.48,36.57,2966.24,4.4,7,487,S7672,4.9,08-06-2025,4,Delhi,Tablet,Credit Card,FALSE,Delivered
U847949,P17667,Sports,Outdoor,Nike,5755.26,38.19,3557.2,3.3,29,152,S7388,2.7,28-03-2026,5,Delhi,Mobile App,Debit Card,FALSE,Delivered
U967949,P25855,Beauty,Makeup,Sony,2327.62,26.84,1702.87,3.1,73,26,S4318,3.6,11-02-2026,4,Hyderabad,Mobile App,Credit Card,FALSE,In Transit
U382368,P17947,Sports,Cycling,Boat,10293.36,19.56,8279.64,4,9,162,S8615,4.5,01-07-2024,1,Delhi,Tablet,Cash on Delivery,FALSE,Delivered
U119527,P45279,Beauty,Skincare,Boat,4744.2,14.77,4043.42,3.1,6,283,S2663,4.4,15-10-2025,4,Mumbai,Mobile App,Credit Card,FALSE,In Transit
U987386,P93335,Sports,Outdoor,Puma,1282.56,39.33,778.08,4.2,100,256,S4333,3.8,15-10-2024,5,Delhi,Mobile App,Debit Card,FALSE,Delayed
U682119,P69210,Clothing,Men,Lenovo,531.31,20.62,421.74,4,43,21,S1016,3.8,05-12-2024,6,Hyderabad,Web,Debit Card,FALSE,Delayed
U386578,P88363,Clothing,Men,Samsung,3273.22,28.67,2334.73,4.1,28,128,S7228,2.9,29-11-2024,6,Hyderabad,Web,Credit Card,FALSE,Delayed
U875089,P80004,Sports,Outdoor,Samsung,3865.94,5.04,3671,3.8,78,288,S2145,3.8,14-10-2024,4,Mumbai,Web,UPI,FALSE,In Transit
U393033,P66618,Electronics,Laptop,H&M,15268.91,23.79,11636.08,3.7,28,107,S9270,2.9,17-04-2024,2,Chennai,Web,Debit Card,FALSE,Delayed
U357874,P96805,Home,Decor,Puma,15290.94,47.14,8083.49,4.2,63,164,S6597,2.8,26-04-2024,6,Bangalore,Mobile App,Cash on Delivery,FALSE,Delayed
U777844,P10268,Home,Furniture,H&M,11987.48,5.95,11273.89,4.6,8,311,S8807,2.5,12-04-2024,5,Mumbai,Mobile App,UPI,FALSE,Delayed
U899502,P61483,Clothing,Women,Lenovo,783.93,30.88,541.84,4,19,275,S2329,4,19-08-2024,4,Hyderabad,Tablet,UPI,FALSE,Delayed
U470141,P59332,Electronics,Camera,Zara,59061.22,39.35,35820.9,5,7,423,S6864,3.9,31-05-2025,5,Delhi,Web,Credit Card,FALSE,Delayed
U302365,P68271,Electronics,Mobile,Puma,55639.21,5.85,52385.2,3.7,40,4,S4629,4,15-03-2025,1,Bangalore,Tablet,UPI,FALSE,In Transit
U755608,P49738,Home,Furniture,Apple,1389.71,37.33,870.88,4.4,19,413,S4623,3.6,13-04-2025,6,Chennai,Mobile App,Cash on Delivery,FALSE,In Transit
U319242,P10935,Electronics,Headphones,Puma,20057.5,26.88,14665.52,4.3,51,100,S7489,4.8,16-09-2025,2,Chennai,Mobile App,Debit Card,FALSE,Delayed
U303182,P96486,Sports,Outdoor,Nike,13378.75,43.46,7563.87,3.9,67,378,S3875,2.6,20-11-2024,5,Chennai,Mobile App,Credit Card,FALSE,Delayed
U997034,P39879,Electronics,Laptop,Sony,64668.64,34.19,42560.32,5,53,451,S9570,3.8,27-12-2025,4,Chennai,Tablet,Debit Card,FALSE,Delivered
U575976,P10256,Electronics,Headphones,Zara,7523.77,21.16,5931.42,2.6,8,480,S7997,4.4,04-08-2024,3,Chennai,Tablet,UPI,TRUE,Returned
U227630,P99151,Home,Kitchen,Boat,14824.27,22.46,11495.42,4.7,5,265,S8644,2.7,12-01-2025,4,Bangalore,Web,Debit Card,FALSE,Delayed
U540467,P79784,Electronics,Laptop,Samsung,6006.72,28.8,4276.83,3.8,8,229,S6181,4.4,11-06-2024,4,Bangalore,Mobile App,Cash on Delivery,FALSE,Delivered
U873266,P39573,Home,Furniture,HP,10904.09,19.47,8781.52,3.7,12,500,S7943,4.3,29-01-2025,2,Delhi,Mobile App,Credit Card,FALSE,Delivered
U756403,P91958,Clothing,Women,Sony,2773.52,63.45,1013.73,3.2,20,49,S1456,4.2,02-04-2025,4,Delhi,Web,Cash on Delivery,TRUE,Returned
U213079,P72072,Electronics,Headphones,Sony,59382.2,29.74,41723.32,4.1,35,122,S6583,3.5,03-08-2025,3,Mumbai,Mobile App,Debit Card,FALSE,Delayed
U559831,P22539,Clothing,Men,HP,3414.51,30.82,2362.06,3.7,19,320,S8314,3.8,11-01-2026,4,Chennai,Tablet,UPI,FALSE,Delivered
U988869,P18523,Electronics,Mobile,Boat,30230.79,8.47,27669.33,4.4,16,400,S3089,4.8,27-02-2025,4,Bangalore,Mobile App,Cash on Delivery,FALSE,Delivered
U168986,P23346,Home,Decor,Zara,10526.53,35.67,6771.86,4.5,68,346,S1914,2.7,30-04-2025,1,Hyderabad,Tablet,UPI,FALSE,In Transit
U888490,P63884,Beauty,Makeup,Apple,1929.54,32.52,1302.04,4.2,50,119,S1173,3.7,16-08-2024,1,Chennai,Web,Cash on Delivery,FALSE,In Transit
U456113,P95317,Beauty,Haircare,HP,2266.03,21.86,1770.61,3.4,17,480,S1425,2.6,17-06-2025,5,Delhi,Web,Debit Card,FALSE,Delayed
U724086,P18853,Clothing,Men,Apple,4474.04,56.95,1926.04,3.2,23,303,S4172,4.8,20-09-2024,5,Delhi,Tablet,Credit Card,FALSE,Delayed
U604783,P91376,Sports,Outdoor,LG,11000.97,45.86,5955.75,4,16,227,S4046,3.2,05-03-2025,2,Hyderabad,Mobile App,Credit Card,FALSE,Delivered
U557019,P77256,Electronics,Laptop,Sony,73452.58,24.41,55519.66,5,14,491,S6861,2.6,11-08-2025,6,Chennai,Web,Credit Card,FALSE,Delivered
U405202,P58343,Beauty,Makeup,HP,1317.11,44.26,734.14,4.1,106,496,S1132,2.9,20-06-2024,6,Bangalore,Tablet,Credit Card,FALSE,Delivered
U542563,P55064,Clothing,Kids,Lenovo,1625.26,17.59,1339.33,3.3,24,100,S4282,4.9,27-07-2024,1,Delhi,Tablet,Credit Card,FALSE,Delivered
U828531,P71263,Home,Furniture,Zara,1152.61,14.06,990.6,4.3,9,307,S6425,2.7,26-07-2025,1,Hyderabad,Tablet,Debit Card,FALSE,Delayed
U209940,P69546,Home,Kitchen,LG,2906.98,44.95,1600.32,3.6,61,448,S1691,2.8,23-04-2025,5,Mumbai,Web,Credit Card,FALSE,Delivered
U754227,P37936,Clothing,Kids,Adidas,2997.19,47.98,1559.14,4,50,122,S8876,4.7,03-04-2025,6,Hyderabad,Tablet,Debit Card,FALSE,Delayed
U966212,P10881,Beauty,Skincare,Boat,4367.96,44.89,2407.32,4.9,36,185,S1162,4.4,10-02-2026,3,Mumbai,Mobile App,Debit Card,TRUE,Returned
U561801,P35480,Electronics,Mobile,Nike,42899.9,14.75,36570.03,4,12,323,S6896,4.5,13-04-2024,2,Bangalore,Mobile App,UPI,FALSE,Delivered
U374725,P32843,Clothing,Women,Nike,688.87,67.02,227.19,3.7,13,173,S5029,4.2,02-04-2025,3,Mumbai,Mobile App,Credit Card,FALSE,Delivered
U971834,P98795,Clothing,Women,Apple,2382.19,46.06,1284.92,4.4,10,70,S7208,4.4,09-08-2024,5,Delhi,Tablet,UPI,FALSE,In Transit
U487596,P58804,Clothing,Women,Puma,2193.75,50.22,1092.02,3.5,86,338,S3807,3.4,02-01-2025,1,Mumbai,Tablet,Cash on Delivery,FALSE,Delayed
U933511,P34856,Electronics,Mobile,Nike,57030.6,30.06,39885.34,5,7,98,S9725,2.5,02-06-2025,1,Mumbai,Web,Debit Card,TRUE,Returned
U148439,P90744,Home,Decor,Boat,17730.42,17.13,14693.56,4.1,6,300,S4098,3.8,18-11-2024,4,Mumbai,Tablet,Debit Card,FALSE,Delivered
U232601,P76619,Home,Furniture,Samsung,18317.63,24.08,13907.11,4.6,11,495,S9011,4.1,12-09-2025,2,Bangalore,Mobile App,UPI,FALSE,In Transit
U506968,P94550,Sports,Fitness,Nike,13700.02,19.7,11000.66,4.2,20,384,S9342,4.2,27-03-2026,1,Chennai,Web,Cash on Delivery,FALSE,Delayed
U651001,P73346,Beauty,Skincare,LG,4274.01,47.17,2257.96,3.1,57,366,S9106,4.5,21-04-2025,2,Bangalore,Web,Debit Card,TRUE,Returned
U781298,P14797,Sports,Outdoor,Zara,11334.03,25.82,8408.11,4.6,31,106,S4596,4.3,13-01-2025,4,Chennai,Mobile App,Cash on Delivery,TRUE,Returned
U545668,P59425,Clothing,Women,Adidas,4083.35,52.78,1928.08,3.5,13,292,S3575,4.2,25-11-2024,2,Bangalore,Web,Debit Card,FALSE,Delayed
U566097,P78002,Electronics,Laptop,Apple,63519.45,12.84,55365.64,4.5,37,180,S4771,3.6,20-05-2024,3,Bangalore,Tablet,UPI,FALSE,In Transit
U573066,P71282,Sports,Cycling,LG,13435.62,6.39,12577.72,4.4,44,221,S7700,4,10-04-2025,2,Hyderabad,Web,Cash on Delivery,TRUE,Returned
U288288,P67892,Home,Kitchen,Boat,2716.05,9.7,2452.46,4.6,39,119,S5351,3.3,11-04-2024,3,Delhi,Tablet,UPI,FALSE,In Transit
U673206,P94365,Electronics,Headphones,Lenovo,54408.96,24.03,41336.78,3.8,18,40,S5528,3.8,27-12-2025,3,Chennai,Mobile App,UPI,FALSE,Delivered
U310036,P53746,Electronics,Headphones,Samsung,12861.7,38.54,7904.96,3.8,15,100,S6394,3.8,15-09-2024,5,Chennai,Web,Debit Card,FALSE,Delayed
U244562,P81188,Home,Furniture,H&M,6890.77,25.69,5120.3,3.6,10,467,S5278,4.1,16-06-2024,6,Chennai,Mobile App,Debit Card,FALSE,In Transit
U894617,P95892,Home,Kitchen,Boat,4490.84,5.44,4246.37,3.7,149,6,S8733,4.7,10-02-2026,4,Chennai,Tablet,Credit Card,TRUE,Returned
U597484,P40634,Beauty,Skincare,Adidas,3204.06,16.43,2677.6,4,43,264,S8679,4.2,17-05-2025,3,Mumbai,Tablet,Cash on Delivery,FALSE,In Transit
U907540,P64747,Electronics,Headphones,Adidas,9252.85,16.38,7736.98,3.8,42,107,S8187,3.3,20-10-2024,6,Hyderabad,Web,UPI,TRUE,Returned
U420415,P11268,Home,Furniture,HP,5871.71,41.05,3461.64,3.2,12,255,S6810,2.9,06-11-2024,3,Mumbai,Web,Credit Card,FALSE,In Transit
U414192,P52739,Beauty,Haircare,Boat,4533.33,34.41,2973.31,3.9,69,300,S1380,3.9,27-05-2025,4,Chennai,Tablet,UPI,FALSE,Delivered
U737363,P85219,Clothing,Women,HP,1489.47,36.64,943.78,4.2,45,443,S7404,4.7,13-09-2025,3,Chennai,Web,Credit Card,FALSE,In Transit
U213915,P53101,Electronics,Camera,Adidas,40639.83,34.67,26550.47,4.3,64,291,S8397,3,08-03-2026,5,Hyderabad,Tablet,Debit Card,FALSE,Delivered
U286264,P14202,Clothing,Men,Zara,1735.92,53.81,801.74,4.7,22,423,S9005,2.5,29-09-2024,3,Chennai,Mobile App,Credit Card,FALSE,Delivered
U344359,P48155,Electronics,Camera,Sony,23396.76,12.16,20551.53,4.3,27,337,S9591,4.9,15-12-2025,3,Mumbai,Mobile App,Cash on Delivery,FALSE,Delivered
U442645,P63852,Home,Decor,Samsung,7704.67,9.68,6958.81,3.2,11,200,S3572,3.1,09-12-2025,4,Mumbai,Mobile App,Credit Card,FALSE,Delayed
U507888,P37063,Beauty,Makeup,H&M,1126.47,41.43,659.82,3.8,33,66,S4369,2.8,20-06-2025,3,Delhi,Web,Cash on Delivery,FALSE,Delayed
U425387,P87003,Beauty,Skincare,HP,512.03,42.47,294.55,4.4,8,103,S9232,3.2,31-12-2024,2,Chennai,Tablet,Cash on Delivery,FALSE,In Transit
U167077,P62328,Clothing,Men,Nike,3929.32,21.73,3075.66,3.3,41,309,S5044,3.2,28-06-2024,5,Hyderabad,Tablet,Debit Card,FALSE,Delayed
U140983,P21941,Beauty,Makeup,Puma,2717.36,29.88,1905.48,3.9,14,147,S8476,4.6,16-06-2025,3,Chennai,Web,Debit Card,FALSE,In Transit
U288301,P90967,Sports,Fitness,Boat,6212.19,32.51,4192.65,4,10,375,S8079,4.7,28-09-2024,5,Mumbai,Web,Cash on Delivery,FALSE,Delayed
U512668,P15723,Clothing,Kids,HP,569.15,49.08,289.81,4,7,122,S3587,3.7,16-01-2025,4,Delhi,Web,Debit Card,FALSE,Delayed
U898868,P82459,Electronics,Laptop,Puma,8379.47,13.83,7220.84,4.3,5,62,S7041,3.7,31-08-2024,5,Hyderabad,Mobile App,UPI,FALSE,Delayed
U365045,P37180,Home,Kitchen,Puma,14267.95,14.63,12180.97,4.3,38,259,S1731,3.3,16-04-2024,1,Mumbai,Web,UPI,FALSE,Delivered
U997343,P35480,Beauty,Makeup,LG,3412.79,15.45,2885.45,2.4,29,203,S1618,4.2,04-11-2024,5,Hyderabad,Mobile App,Debit Card,FALSE,Delivered
U608306,P70470,Clothing,Women,Zara,3521.56,48.69,1807,4.2,1,34,S2352,5,08-02-2026,3,Hyderabad,Tablet,Credit Card,FALSE,Delayed
U982442,P31150,Beauty,Skincare,Puma,3926.68,34,2591.75,3.6,27,87,S1295,4.9,25-08-2025,6,Bangalore,Tablet,UPI,FALSE,Delivered
U276636,P20169,Home,Furniture,Lenovo,14722.72,11.06,13094.03,3.5,16,343,S1183,3.8,12-07-2024,1,Hyderabad,Tablet,Debit Card,FALSE,Delivered
U849115,P14514,Beauty,Makeup,Nike,2716.44,10.47,2431.95,3.2,9,457,S9721,2.6,19-02-2025,5,Mumbai,Mobile App,Cash on Delivery,FALSE,Delayed
U565553,P16870,Electronics,Mobile,Boat,47520.94,32.97,31854.44,5,68,306,S1076,4,28-10-2024,6,Bangalore,Mobile App,Cash on Delivery,FALSE,Delivered
U195825,P12102,Clothing,Women,Adidas,4720.22,47.55,2475.68,3.5,49,215,S1457,4.4,05-12-2024,2,Mumbai,Mobile App,Debit Card,FALSE,Delivered
U859181,P31895,Electronics,Laptop,Apple,43309.4,28.55,30943.65,4.9,15,22,S7810,4.4,21-06-2025,1,Mumbai,Tablet,UPI,TRUE,Returned
U755017,P37147,Home,Kitchen,Lenovo,2251,17.64,1853.93,3.7,35,478,S9875,3.5,09-09-2025,2,Mumbai,Web,Cash on Delivery,FALSE,Delivered
U439075,P32756,Clothing,Men,Apple,866.42,22.63,670.31,4.5,34,7,S7588,4.3,29-07-2025,4,Bangalore,Tablet,Debit Card,FALSE,Delivered
U169223,P96240,Beauty,Skincare,Puma,4245.38,28.91,3017.93,3.8,2,417,S5562,3.3,23-10-2024,1,Mumbai,Tablet,Debit Card,FALSE,Delivered
U904829,P88494,Electronics,Laptop,Boat,43578.74,19.41,35119.07,3,9,255,S2668,3,21-03-2026,5,Bangalore,Tablet,Credit Card,FALSE,In Transit
U810830,P27423,Electronics,Headphones,Zara,37520.45,23.75,28610.65,3.9,172,170,S3872,3.3,10-08-2025,2,Hyderabad,Tablet,Debit Card,FALSE,Delayed
U738093,P86681,Beauty,Skincare,LG,4205.47,30.97,2903.1,3.2,11,229,S7264,4.9,13-07-2025,2,Delhi,Tablet,Credit Card,FALSE,Delayed
U122243,P90786,Sports,Cycling,Samsung,542.96,15.93,456.49,3.9,19,388,S3032,4.2,18-11-2024,2,Mumbai,Web,Credit Card,FALSE,Delayed
U162833,P28029,Beauty,Skincare,HP,4998.43,39.72,3013.07,4.7,9,191,S9171,4.2,17-12-2025,5,Delhi,Web,Credit Card,FALSE,Delivered
U349628,P88390,Beauty,Skincare,Zara,4645.56,12.81,4050.45,3.5,30,484,S8270,3.1,17-12-2025,1,Delhi,Tablet,Debit Card,FALSE,Delivered
U646174,P64380,Home,Kitchen,Zara,9514.45,25.61,7078.12,4.8,38,331,S5726,3.3,03-06-2025,1,Delhi,Mobile App,Credit Card,FALSE,Delayed
U665509,P17087,Home,Kitchen,Adidas,18215.85,16.42,15225.21,3.5,34,464,S5068,3.4,10-12-2025,1,Mumbai,Tablet,Credit Card,FALSE,Delayed
U563849,P92546,Beauty,Haircare,LG,2907.61,11.21,2581.8,3,46,3,S2058,4.1,21-07-2025,2,Mumbai,Web,UPI,FALSE,Delivered
U196216,P32764,Electronics,Laptop,Adidas,70768.92,38.61,43445.87,4.8,13,303,S9992,4.8,20-03-2026,5,Mumbai,Mobile App,Credit Card,FALSE,Delayed
U426592,P31516,Electronics,Camera,H&M,34840.89,21.96,27191.03,5,4,369,S4236,2.7,09-01-2026,1,Hyderabad,Mobile App,Cash on Delivery,FALSE,Delivered
U704422,P68755,Sports,Fitness,Sony,6560.97,8.85,5980.11,3.7,12,495,S4299,4.8,17-01-2026,6,Bangalore,Web,Cash on Delivery,FALSE,Delivered
U593578,P67852,Home,Kitchen,Boat,14217.16,21.58,11149.54,3.2,3,216,S9278,2.8,17-06-2024,1,Mumbai,Tablet,Cash on Delivery,TRUE,Returned
U548158,P20909,Clothing,Women,Samsung,4110.3,66.23,1388.1,4.1,9,388,S5918,4.3,28-10-2025,1,Hyderabad,Tablet,Credit Card,FALSE,Delayed
U420704,P69454,Clothing,Women,Boat,3430.37,23.47,2625.32,2.8,42,145,S7146,2.6,17-01-2025,4,Hyderabad,Tablet,Cash on Delivery,FALSE,Delivered
U305222,P30280,Home,Furniture,H&M,8756.21,41.86,5090.65,4.6,4,469,S4106,4.8,30-07-2025,6,Hyderabad,Mobile App,UPI,FALSE,Delayed
U513820,P58908,Home,Kitchen,Boat,13286.78,6.8,12383.2,3.8,2,196,S9020,4,07-08-2025,3,Hyderabad,Web,UPI,FALSE,In Transit
U270249,P35457,Electronics,Mobile,Boat,5828.54,17.36,4816.95,4.7,6,390,S8148,4.1,06-09-2024,4,Chennai,Web,Debit Card,FALSE,Delayed
U830286,P17563,Beauty,Haircare,H&M,2281.39,44.45,1267.38,3.8,43,333,S7313,4.4,08-02-2026,5,Bangalore,Web,Credit Card,FALSE,Delivered
U831351,P97251,Beauty,Skincare,LG,287.16,42.6,164.83,3.2,2,330,S3422,4.7,30-08-2025,5,Delhi,Web,Cash on Delivery,FALSE,Delayed
U706435,P96848,Clothing,Women,Adidas,4770.39,25.36,3560.66,3.2,83,430,S3644,2.8,17-03-2025,2,Chennai,Mobile App,UPI,FALSE,Delivered
U184251,P77965,Beauty,Makeup,H&M,907.29,5.64,856.12,4.1,35,465,S4093,3.6,04-01-2026,4,Chennai,Web,Credit Card,FALSE,In Transit
U659102,P96309,Home,Decor,Sony,4391.2,48.16,2276.36,3.9,9,453,S7271,4.4,01-04-2024,6,Chennai,Tablet,Debit Card,FALSE,Delayed
U767083,P85053,Beauty,Haircare,Apple,1201.98,8.87,1095.38,4.1,43,397,S6642,4.9,13-04-2025,3,Delhi,Mobile App,Debit Card,FALSE,Delayed
U106732,P32072,Clothing,Kids,Boat,3200.98,53.43,1490.76,4.7,47,417,S9056,4.2,21-09-2025,3,Bangalore,Mobile App,UPI,TRUE,Returned
U786315,P47793,Electronics,Camera,Lenovo,26254.83,26.76,19229.82,3.9,10,375,S8060,4.5,17-03-2025,4,Hyderabad,Mobile App,Credit Card,FALSE,In Transit
